iteration,objective,objective_gap,gradient_norm
0.000000000000000000e+00,2.057000000000000000e+03,2.057000000000000000e+03,7.920000000000000000e+02
1.000000000000000000e+00,4.158902282714843750e+02,4.158902282714843750e+02,3.524693603515625000e+02
2.000000000000000000e+00,4.212954330444335938e+01,4.212954330444335938e+01,9.522575378417968750e+01
3.000000000000000000e+00,1.573854541778564453e+01,1.573854541778564453e+01,2.968107414245605469e+01
4.000000000000000000e+00,1.249853610992431641e+01,1.249853610992431641e+01,1.802093696594238281e+01
5.000000000000000000e+00,9.479027748107910156e+00,9.479027748107910156e+00,2.828301429748535156e+00
6.000000000000000000e+00,9.447348594665527344e+00,9.447348594665527344e+00,1.958913683891296387e+00
7.000000000000000000e+00,9.403989791870117188e+00,9.403989791870117188e+00,1.008545279502868652e+00
8.000000000000000000e+00,9.399655342102050781e+00,9.399655342102050781e+00,9.946547746658325195e-01
9.000000000000000000e+00,9.383929252624511719e+00,9.383929252624511719e+00,9.042023420333862305e-01
1.000000000000000000e+01,9.369969367980957031e+00,9.369969367980957031e+00,2.225579738616943359e+00
1.100000000000000000e+01,9.270814895629882812e+00,9.270814895629882812e+00,3.668598651885986328e+00
1.200000000000000000e+01,9.219837188720703125e+00,9.219837188720703125e+00,3.949141502380371094e+00
1.300000000000000000e+01,8.924755096435546875e+00,8.924755096435546875e+00,4.831901550292968750e+00
1.400000000000000000e+01,8.881020545959472656e+00,8.881020545959472656e+00,3.936085939407348633e+00
1.500000000000000000e+01,7.987507820129394531e+00,7.987507820129394531e+00,4.216455459594726562e+00
1.600000000000000000e+01,7.866708278656005859e+00,7.866708278656005859e+00,6.573114871978759766e+00
1.700000000000000000e+01,7.702277183532714844e+00,7.702277183532714844e+00,6.769804000854492188e+00
1.800000000000000000e+01,7.462148189544677734e+00,7.462148189544677734e+00,6.493823051452636719e+00
1.900000000000000000e+01,7.271070957183837891e+00,7.271070957183837891e+00,3.350351810455322266e+00
2.000000000000000000e+01,7.210075378417968750e+00,7.210075378417968750e+00,4.072459220886230469e+00
2.100000000000000000e+01,6.884243965148925781e+00,6.884243965148925781e+00,6.248862266540527344e+00
2.200000000000000000e+01,6.774804115295410156e+00,6.774804115295410156e+00,6.385103225708007812e+00
2.300000000000000000e+01,6.572469711303710938e+00,6.572469711303710938e+00,8.231436729431152344e+00
2.400000000000000000e+01,6.363337039947509766e+00,6.363337039947509766e+00,6.593403816223144531e+00
2.500000000000000000e+01,6.297889232635498047e+00,6.297889232635498047e+00,5.263536930084228516e+00
2.600000000000000000e+01,6.189374923706054688e+00,6.189374923706054688e+00,5.280018806457519531e+00
2.700000000000000000e+01,6.104994773864746094e+00,6.104994773864746094e+00,7.124927520751953125e+00
2.800000000000000000e+01,5.909118175506591797e+00,5.909118175506591797e+00,5.291940689086914062e+00
2.900000000000000000e+01,5.793348312377929688e+00,5.793348312377929688e+00,6.725031375885009766e+00
3.000000000000000000e+01,5.455209732055664062e+00,5.455209732055664062e+00,7.969998359680175781e+00
3.100000000000000000e+01,5.336456298828125000e+00,5.336456298828125000e+00,8.298083305358886719e+00
3.200000000000000000e+01,5.166930198669433594e+00,5.166930198669433594e+00,7.264194488525390625e+00
3.300000000000000000e+01,5.078887939453125000e+00,5.078887939453125000e+00,6.287599086761474609e+00
3.400000000000000000e+01,4.822824954986572266e+00,4.822824954986572266e+00,5.008761882781982422e+00
3.500000000000000000e+01,4.736042976379394531e+00,4.736042976379394531e+00,4.701087951660156250e+00
3.600000000000000000e+01,4.570655345916748047e+00,4.570655345916748047e+00,8.049304962158203125e+00
3.700000000000000000e+01,4.354844570159912109e+00,4.354844570159912109e+00,7.861626625061035156e+00
3.800000000000000000e+01,4.200507164001464844e+00,4.200507164001464844e+00,8.418071746826171875e+00
3.900000000000000000e+01,3.946546554565429688e+00,3.946546554565429688e+00,7.129166603088378906e+00
4.000000000000000000e+01,3.829675197601318359e+00,3.829675197601318359e+00,6.788672447204589844e+00
4.100000000000000000e+01,3.707360029220581055e+00,3.707360029220581055e+00,3.896097660064697266e+00
4.200000000000000000e+01,3.592837810516357422e+00,3.592837810516357422e+00,6.853220939636230469e+00
4.300000000000000000e+01,3.502816677093505859e+00,3.502816677093505859e+00,4.855195522308349609e+00
4.400000000000000000e+01,3.388521194458007812e+00,3.388521194458007812e+00,9.034231185913085938e+00
4.500000000000000000e+01,3.240637302398681641e+00,3.240637302398681641e+00,7.664007186889648438e+00
4.600000000000000000e+01,3.102657318115234375e+00,3.102657318115234375e+00,7.827657699584960938e+00
4.700000000000000000e+01,2.838054656982421875e+00,2.838054656982421875e+00,1.031045722961425781e+01
4.800000000000000000e+01,2.633986234664916992e+00,2.633986234664916992e+00,6.769620895385742188e+00
4.900000000000000000e+01,2.537860393524169922e+00,2.537860393524169922e+00,5.377516746520996094e+00
5.000000000000000000e+01,2.418914794921875000e+00,2.418914794921875000e+00,4.739923477172851562e+00
5.100000000000000000e+01,2.340624332427978516e+00,2.340624332427978516e+00,6.351381778717041016e+00
5.200000000000000000e+01,2.197779178619384766e+00,2.197779178619384766e+00,4.462183475494384766e+00
5.300000000000000000e+01,2.115072250366210938e+00,2.115072250366210938e+00,6.068850517272949219e+00
5.400000000000000000e+01,1.912089586257934570e+00,1.912089586257934570e+00,1.119124507904052734e+01
5.500000000000000000e+01,1.651051282882690430e+00,1.651051282882690430e+00,1.118639373779296875e+01
5.600000000000000000e+01,1.448340058326721191e+00,1.448340058326721191e+00,8.877961158752441406e+00
5.700000000000000000e+01,1.333808183670043945e+00,1.333808183670043945e+00,4.424227237701416016e+00
5.800000000000000000e+01,1.258836150169372559e+00,1.258836150169372559e+00,5.348554611206054688e+00
5.900000000000000000e+01,1.187038183212280273e+00,1.187038183212280273e+00,2.145264148712158203e+00
6.000000000000000000e+01,1.152315139770507812e+00,1.152315139770507812e+00,3.674709081649780273e+00
6.100000000000000000e+01,1.121824026107788086e+00,1.121824026107788086e+00,2.955628395080566406e+00
6.200000000000000000e+01,1.047604322433471680e+00,1.047604322433471680e+00,4.787899971008300781e+00
6.300000000000000000e+01,9.234327077865600586e-01,9.234327077865600586e-01,6.464537620544433594e+00
6.400000000000000000e+01,7.886937856674194336e-01,7.886937856674194336e-01,5.075090408325195312e+00
6.500000000000000000e+01,6.739989519119262695e-01,6.739989519119262695e-01,4.871620178222656250e+00
6.600000000000000000e+01,6.112688779830932617e-01,6.112688779830932617e-01,4.920066833496093750e+00
6.700000000000000000e+01,5.512521862983703613e-01,5.512521862983703613e-01,3.993285179138183594e+00
6.800000000000000000e+01,5.011363029479980469e-01,5.011363029479980469e-01,4.641242027282714844e+00
6.900000000000000000e+01,4.567128419876098633e-01,4.567128419876098633e-01,2.741827249526977539e+00
7.000000000000000000e+01,4.444279074668884277e-01,4.444279074668884277e-01,2.056625127792358398e+00
7.100000000000000000e+01,4.133498668670654297e-01,4.133498668670654297e-01,3.734233856201171875e+00
7.200000000000000000e+01,3.937187194824218750e-01,3.937187194824218750e-01,2.016616106033325195e+00
7.300000000000000000e+01,3.735365271568298340e-01,3.735365271568298340e-01,2.905615806579589844e+00
7.400000000000000000e+01,3.534308373928070068e-01,3.534308373928070068e-01,1.760234475135803223e+00
7.500000000000000000e+01,3.322340846061706543e-01,3.322340846061706543e-01,2.011234760284423828e+00
7.600000000000000000e+01,3.148379623889923096e-01,3.148379623889923096e-01,2.131914854049682617e+00
7.700000000000000000e+01,3.020560145378112793e-01,3.020560145378112793e-01,2.892721891403198242e+00
7.800000000000000000e+01,2.592628598213195801e-01,2.592628598213195801e-01,4.833163261413574219e+00
7.900000000000000000e+01,2.200039178133010864e-01,2.200039178133010864e-01,3.424027442932128906e+00
8.000000000000000000e+01,1.942154765129089355e-01,1.942154765129089355e-01,3.464242458343505859e+00
8.100000000000000000e+01,1.693275272846221924e-01,1.693275272846221924e-01,2.259717464447021484e+00
8.200000000000000000e+01,1.528261899948120117e-01,1.528261899948120117e-01,2.430782556533813477e+00
8.300000000000000000e+01,1.471400409936904907e-01,1.471400409936904907e-01,1.273499250411987305e+00
8.400000000000000000e+01,1.389698982238769531e-01,1.389698982238769531e-01,1.598012685775756836e+00
8.500000000000000000e+01,1.298508346080780029e-01,1.298508346080780029e-01,1.108244180679321289e+00
8.600000000000000000e+01,1.253764033317565918e-01,1.253764033317565918e-01,1.455856561660766602e+00
8.700000000000000000e+01,1.214701384305953979e-01,1.214701384305953979e-01,1.061328887939453125e+00
8.800000000000000000e+01,1.156606301665306091e-01,1.156606301665306091e-01,1.556761980056762695e+00
8.900000000000000000e+01,1.019087135791778564e-01,1.019087135791778564e-01,1.972764730453491211e+00
9.000000000000000000e+01,8.868619799613952637e-02,8.868619799613952637e-02,2.630233049392700195e+00
9.100000000000000000e+01,7.766787707805633545e-02,7.766787707805633545e-02,2.209236145019531250e+00
9.200000000000000000e+01,5.573347955942153931e-02,5.573347955942153931e-02,2.982578754425048828e+00
9.300000000000000000e+01,4.361827671527862549e-02,4.361827671527862549e-02,2.071169137954711914e+00
9.400000000000000000e+01,3.577267751097679138e-02,3.577267751097679138e-02,2.193598270416259766e+00
9.500000000000000000e+01,2.801456116139888763e-02,2.801456116139888763e-02,1.813023567199707031e+00
9.600000000000000000e+01,2.354790270328521729e-02,2.354790270328521729e-02,1.301041007041931152e+00
9.700000000000000000e+01,2.141711488366127014e-02,2.141711488366127014e-02,1.217963933944702148e+00
9.800000000000000000e+01,1.948895119130611420e-02,1.948895119130611420e-02,4.127576947212219238e-01
9.900000000000000000e+01,1.926312968134880066e-02,1.926312968134880066e-02,2.888329625129699707e-01
1.000000000000000000e+02,1.889331266283988953e-02,1.889331266283988953e-02,5.028675794601440430e-01
1.010000000000000000e+02,1.828612014651298523e-02,1.828612014651298523e-02,5.153297185897827148e-01
1.020000000000000000e+02,1.736023649573326111e-02,1.736023649573326111e-02,7.505918741226196289e-01
1.030000000000000000e+02,1.614233851432800293e-02,1.614233851432800293e-02,1.104884982109069824e+00
1.040000000000000000e+02,1.466342993080615997e-02,1.466342993080615997e-02,1.016217350959777832e+00
1.050000000000000000e+02,1.272652298212051392e-02,1.272652298212051392e-02,5.754798650741577148e-01
1.060000000000000000e+02,1.109541114419698715e-02,1.109541114419698715e-02,7.222812175750732422e-01
1.070000000000000000e+02,9.820408187806606293e-03,9.820408187806606293e-03,6.414217352867126465e-01
1.080000000000000000e+02,8.148401975631713867e-03,8.148401975631713867e-03,6.374491453170776367e-01
1.090000000000000000e+02,7.151304278522729874e-03,7.151304278522729874e-03,4.701011478900909424e-01
1.100000000000000000e+02,6.475769914686679840e-03,6.475769914686679840e-03,8.558785319328308105e-01
1.110000000000000000e+02,5.757073406130075455e-03,5.757073406130075455e-03,5.522163510322570801e-01
1.120000000000000000e+02,5.119679030030965805e-03,5.119679030030965805e-03,5.838937759399414062e-01
1.130000000000000000e+02,4.480404779314994812e-03,4.480404779314994812e-03,4.008674323558807373e-01
1.140000000000000000e+02,4.248029086738824844e-03,4.248029086738824844e-03,2.729865312576293945e-01
1.150000000000000000e+02,4.009252879768610001e-03,4.009252879768610001e-03,2.817058265209197998e-01
1.160000000000000000e+02,3.887605154886841774e-03,3.887605154886841774e-03,2.125113606452941895e-01
1.170000000000000000e+02,3.805290441960096359e-03,3.805290441960096359e-03,1.668139696121215820e-01
1.180000000000000000e+02,3.647127421572804451e-03,3.647127421572804451e-03,2.590751051902770996e-01
1.190000000000000000e+02,3.538067685440182686e-03,3.538067685440182686e-03,2.017734497785568237e-01
1.200000000000000000e+02,3.399763489142060280e-03,3.399763489142060280e-03,3.218113183975219727e-01
1.210000000000000000e+02,3.180756233632564545e-03,3.180756233632564545e-03,3.246296644210815430e-01
1.220000000000000000e+02,2.779838629066944122e-03,2.779838629066944122e-03,6.620967388153076172e-01
1.230000000000000000e+02,2.352715935558080673e-03,2.352715935558080673e-03,6.140697598457336426e-01
1.240000000000000000e+02,1.621927367523312569e-03,1.621927367523312569e-03,5.327255725860595703e-01
1.250000000000000000e+02,1.228351378813385963e-03,1.228351378813385963e-03,3.939231634140014648e-01
1.260000000000000000e+02,8.075119112618267536e-04,8.075119112618267536e-04,4.468653500080108643e-01
1.270000000000000000e+02,5.354388267733156681e-04,5.354388267733156681e-04,2.336197644472122192e-01
1.280000000000000000e+02,4.563761758618056774e-04,4.563761758618056774e-04,1.384737640619277954e-01
1.290000000000000000e+02,4.167212755419313908e-04,4.167212755419313908e-04,8.378282934427261353e-02
1.300000000000000000e+02,4.060555365867912769e-04,4.060555365867912769e-04,6.012094020843505859e-02
1.310000000000000000e+02,3.997382591478526592e-04,3.997382591478526592e-04,4.087363556027412415e-02
1.320000000000000000e+02,3.952645347453653812e-04,3.952645347453653812e-04,4.001577571034431458e-02
1.330000000000000000e+02,3.787452587857842445e-04,3.787452587857842445e-04,9.353335946798324585e-02
1.340000000000000000e+02,3.572161367628723383e-04,3.572161367628723383e-04,1.764715909957885742e-01
1.350000000000000000e+02,3.070574603043496609e-04,3.070574603043496609e-04,1.595948189496994019e-01
1.360000000000000000e+02,2.288000832777470350e-04,2.288000832777470350e-04,1.950618773698806763e-01
1.370000000000000000e+02,1.709270582068711519e-04,1.709270582068711519e-04,1.481735408306121826e-01
1.380000000000000000e+02,1.269114291062578559e-04,1.269114291062578559e-04,1.335145086050033569e-01
1.390000000000000000e+02,1.038944319589063525e-04,1.038944319589063525e-04,9.453973174095153809e-02
1.400000000000000000e+02,9.202483488479629159e-05,9.202483488479629159e-05,4.830439388751983643e-02
1.410000000000000000e+02,8.554624218959361315e-05,8.554624218959361315e-05,4.724954068660736084e-02
1.420000000000000000e+02,8.061261178227141500e-05,8.061261178227141500e-05,3.119669854640960693e-02
1.430000000000000000e+02,7.870014815125614405e-05,7.870014815125614405e-05,2.935460954904556274e-02
1.440000000000000000e+02,7.700296555412933230e-05,7.700296555412933230e-05,2.966550737619400024e-02
1.450000000000000000e+02,7.622950943186879158e-05,7.622950943186879158e-05,1.042114570736885071e-02
1.460000000000000000e+02,7.599699893034994602e-05,7.599699893034994602e-05,2.126296423375606537e-02
1.470000000000000000e+02,7.580575038446113467e-05,7.580575038446113467e-05,8.840134367346763611e-03
1.480000000000000000e+02,7.562070095445960760e-05,7.562070095445960760e-05,2.196500264108181000e-02
1.490000000000000000e+02,7.543229003204032779e-05,7.543229003204032779e-05,8.521725423634052277e-03
1.500000000000000000e+02,7.524367538280785084e-05,7.524367538280785084e-05,2.249897457659244537e-02
1.510000000000000000e+02,7.505390385631471872e-05,7.505390385631471872e-05,8.392364718019962311e-03
1.520000000000000000e+02,7.486671529477462173e-05,7.486671529477462173e-05,2.215533331036567688e-02
1.530000000000000000e+02,7.468266994692385197e-05,7.468266994692385197e-05,8.678575046360492706e-03
1.540000000000000000e+02,7.450909470207989216e-05,7.450909470207989216e-05,1.971705630421638489e-02
1.550000000000000000e+02,7.433776045218110085e-05,7.433776045218110085e-05,8.586794137954711914e-03
1.560000000000000000e+02,7.416501466650515795e-05,7.416501466650515795e-05,2.109194174408912659e-02
1.570000000000000000e+02,7.398899469990283251e-05,7.398899469990283251e-05,8.542198687791824341e-03
1.580000000000000000e+02,7.381637988146394491e-05,7.381637988146394491e-05,1.982570439577102661e-02
1.590000000000000000e+02,7.364615157712250948e-05,7.364615157712250948e-05,8.675877936184406281e-03
1.600000000000000000e+02,7.347761129494756460e-05,7.347761129494756460e-05,1.818115077912807465e-02
1.610000000000000000e+02,7.330610969802364707e-05,7.330610969802364707e-05,9.284158237278461456e-03
1.620000000000000000e+02,7.313095557037740946e-05,7.313095557037740946e-05,1.896337978541851044e-02
1.630000000000000000e+02,7.296324474737048149e-05,7.296324474737048149e-05,9.168523363769054413e-03
1.640000000000000000e+02,7.278896373463794589e-05,7.278896373463794589e-05,1.754325814545154572e-02
1.650000000000000000e+02,7.261465361807495356e-05,7.261465361807495356e-05,9.218607097864151001e-03
1.660000000000000000e+02,7.243981235660612583e-05,7.243981235660612583e-05,1.661948114633560181e-02
1.670000000000000000e+02,7.225417357403784990e-05,7.225417357403784990e-05,9.884411469101905823e-03
1.680000000000000000e+02,7.205561269074678421e-05,7.205561269074678421e-05,1.543135195970535278e-02
1.690000000000000000e+02,7.183774141594767570e-05,7.183774141594767570e-05,1.058194786310195923e-02
1.700000000000000000e+02,7.160393579397350550e-05,7.160393579397350550e-05,1.494680251926183701e-02
1.710000000000000000e+02,7.136697968235239387e-05,7.136697968235239387e-05,1.070748828351497650e-02
1.720000000000000000e+02,7.112616003723815084e-05,7.112616003723815084e-05,1.474367827177047729e-02
1.730000000000000000e+02,7.088322308845818043e-05,7.088322308845818043e-05,1.116426382213830948e-02
1.740000000000000000e+02,7.060926873236894608e-05,7.060926873236894608e-05,1.523561030626296997e-02
1.750000000000000000e+02,7.039387855911627412e-05,7.039387855911627412e-05,9.948971681296825409e-03
1.760000000000000000e+02,7.019009353825822473e-05,7.019009353825822473e-05,1.625852473080158234e-02
1.770000000000000000e+02,7.000804180279374123e-05,7.000804180279374123e-05,9.250570088624954224e-03
1.780000000000000000e+02,6.983670755289494991e-05,6.983670755289494991e-05,1.498967874795198441e-02
1.790000000000000000e+02,6.961741746636107564e-05,6.961741746636107564e-05,1.044651959091424942e-02
1.800000000000000000e+02,6.938770820852369070e-05,6.938770820852369070e-05,1.555939111858606339e-02
1.810000000000000000e+02,6.919197767274454236e-05,6.919197767274454236e-05,9.579274803400039673e-03
1.820000000000000000e+02,6.900628068251535296e-05,6.900628068251535296e-05,1.604089885950088501e-02
1.830000000000000000e+02,6.882558227516710758e-05,6.882558227516710758e-05,9.242837317287921906e-03
1.840000000000000000e+02,6.865327304694801569e-05,6.865327304694801569e-05,1.542341150343418121e-02
1.850000000000000000e+02,6.845869211247190833e-05,6.845869211247190833e-05,9.913043119013309479e-03
1.860000000000000000e+02,6.825532182119786739e-05,6.825532182119786739e-05,1.540564186871051788e-02
1.870000000000000000e+02,6.806234887335449457e-05,6.806234887335449457e-05,9.651885367929935455e-03
1.880000000000000000e+02,6.787606980651617050e-05,6.787606980651617050e-05,1.376604940742254257e-02
1.890000000000000000e+02,6.759345706086605787e-05,6.759345706086605787e-05,1.178979873657226562e-02
1.900000000000000000e+02,6.728175503667443991e-05,6.728175503667443991e-05,1.426037587225437164e-02
1.910000000000000000e+02,6.704498809995129704e-05,6.704498809995129704e-05,1.049036625772714615e-02
1.920000000000000000e+02,6.681107333861291409e-05,6.681107333861291409e-05,1.335719879716634750e-02
1.930000000000000000e+02,6.649918213952332735e-05,6.649918213952332735e-05,1.224279403686523438e-02
1.940000000000000000e+02,6.616630707867443562e-05,6.616630707867443562e-05,1.274362765252590179e-02
1.950000000000000000e+02,6.576636224053800106e-05,6.576636224053800106e-05,1.378922630101442337e-02
1.960000000000000000e+02,6.539229070767760277e-05,6.539229070767760277e-05,1.292145531624555588e-02
1.970000000000000000e+02,6.504425982711836696e-05,6.504425982711836696e-05,1.224279403686523438e-02
1.980000000000000000e+02,6.471302913269028068e-05,6.471302913269028068e-05,1.494647003710269928e-02
1.990000000000000000e+02,6.452893285313621163e-05,6.452893285313621163e-05,9.798146784305572510e-03
2.000000000000000000e+02,6.433505041059106588e-05,6.433505041059106588e-05,1.533214934170246124e-02
2.010000000000000000e+02,6.416498217731714249e-05,6.416498217731714249e-05,9.668101556599140167e-03
2.020000000000000000e+02,6.397401739377528429e-05,6.397401739377528429e-05,1.398943271487951279e-02
2.030000000000000000e+02,6.375454540830105543e-05,6.375454540830105543e-05,9.949625469744205475e-03
2.040000000000000000e+02,6.354355718940496445e-05,6.354355718940496445e-05,1.406134571880102158e-02
2.050000000000000000e+02,6.333149212878197432e-05,6.333149212878197432e-05,9.982092306017875671e-03
2.060000000000000000e+02,6.312330515356734395e-05,6.312330515356734395e-05,1.594732329249382019e-02
2.070000000000000000e+02,6.296802166616544127e-05,6.296802166616544127e-05,8.957399986684322357e-03
2.080000000000000000e+02,6.280702655203640461e-05,6.280702655203640461e-05,1.428917516022920609e-02
2.090000000000000000e+02,6.261271482799202204e-05,6.261271482799202204e-05,9.888797998428344727e-03
2.100000000000000000e+02,6.240776565391570330e-05,6.240776565391570330e-05,1.439952105283737183e-02
2.110000000000000000e+02,6.222064257599413395e-05,6.222064257599413395e-05,9.626606479287147522e-03
2.120000000000000000e+02,6.202941585797816515e-05,6.202941585797816515e-05,1.295933034271001816e-02
2.130000000000000000e+02,6.175170710776001215e-05,6.175170710776001215e-05,1.051997952163219452e-02
2.140000000000000000e+02,6.150433910079300404e-05,6.150433910079300404e-05,1.240361668169498444e-02
2.150000000000000000e+02,6.115482392488047481e-05,6.115482392488047481e-05,1.480538584291934967e-02
2.160000000000000000e+02,6.077155558159574866e-05,6.077155558159574866e-05,1.329421903938055038e-02
2.170000000000000000e+02,6.054257391951978207e-05,6.054257391951978207e-05,1.071691513061523438e-02
2.180000000000000000e+02,6.028491043252870440e-05,6.028491043252870440e-05,1.105883717536926270e-02
2.190000000000000000e+02,5.941825656918808818e-05,5.941825656918808818e-05,3.279487788677215576e-02
2.200000000000000000e+02,5.841720485477708280e-05,5.841720485477708280e-05,9.969749487936496735e-03
2.210000000000000000e+02,4.078903293702751398e-05,4.078903293702751398e-05,1.118323132395744324e-01
2.220000000000000000e+02,2.840727029251866043e-05,2.840727029251866043e-05,1.733849570155143738e-02
2.230000000000000000e+02,2.806797056109644473e-05,2.806797056109644473e-05,4.756450653076171875e-03
2.240000000000000000e+02,2.798798777803312987e-05,2.798798777803312987e-05,1.164100598543882370e-02
2.250000000000000000e+02,2.792053237499203533e-05,2.792053237499203533e-05,5.075919441878795624e-03
2.260000000000000000e+02,2.785651668091304600e-05,2.785651668091304600e-05,1.054748147726058960e-02
2.270000000000000000e+02,2.778634552669245750e-05,2.778634552669245750e-05,5.932005122303962708e-03
2.280000000000000000e+02,2.771409526758361608e-05,2.771409526758361608e-05,1.007196120917797089e-02
2.290000000000000000e+02,2.764006785582751036e-05,2.764006785582751036e-05,5.717807915061712265e-03
2.300000000000000000e+02,2.757268521236255765e-05,2.757268521236255765e-05,9.632761590182781219e-03
2.310000000000000000e+02,2.749157465586904436e-05,2.749157465586904436e-05,6.213849876075983047e-03
2.320000000000000000e+02,2.741339631029404700e-05,2.741339631029404700e-05,9.606302715837955475e-03
2.330000000000000000e+02,2.733361361606512219e-05,2.733361361606512219e-05,6.578831002116203308e-03
2.340000000000000000e+02,2.724198202486149967e-05,2.724198202486149967e-05,9.233500808477401733e-03
2.350000000000000000e+02,2.715259506658185273e-05,2.715259506658185273e-05,6.633516866713762283e-03
2.360000000000000000e+02,2.706090162973850965e-05,2.706090162973850965e-05,9.013239294290542603e-03
2.370000000000000000e+02,2.696536466828547418e-05,2.696536466828547418e-05,6.692772265523672104e-03
2.380000000000000000e+02,2.686502193682827055e-05,2.686502193682827055e-05,9.277635253965854645e-03
2.390000000000000000e+02,2.678101373021490872e-05,2.678101373021490872e-05,6.148355081677436829e-03
2.400000000000000000e+02,2.670618050615303218e-05,2.670618050615303218e-05,9.832833893597126007e-03
2.410000000000000000e+02,2.663440682226791978e-05,2.663440682226791978e-05,5.896903574466705322e-03
2.420000000000000000e+02,2.656360084074549377e-05,2.656360084074549377e-05,9.464655071496963501e-03
2.430000000000000000e+02,2.648624649737030268e-05,2.648624649737030268e-05,6.013873964548110962e-03
2.440000000000000000e+02,2.641461469465866685e-05,2.641461469465866685e-05,8.786167949438095093e-03
2.450000000000000000e+02,2.631635470606852323e-05,2.631635470606852323e-05,6.645155139267444611e-03
2.460000000000000000e+02,2.621820385684259236e-05,2.621820385684259236e-05,9.643831290304660797e-03
2.470000000000000000e+02,2.614639561215881258e-05,2.614639561215881258e-05,5.910708568990230560e-03
2.480000000000000000e+02,2.607646638352889568e-05,2.607646638352889568e-05,9.679262526333332062e-03
2.490000000000000000e+02,2.600645530037581921e-05,2.600645530037581921e-05,6.205994635820388794e-03
2.500000000000000000e+02,2.592724558780901134e-05,2.592724558780901134e-05,9.357002563774585724e-03
2.510000000000000000e+02,2.585229958640411496e-05,2.585229958640411496e-05,6.333626341074705124e-03
2.520000000000000000e+02,2.576742372184526175e-05,2.576742372184526175e-05,8.723918348550796509e-03
2.530000000000000000e+02,2.567344381532166153e-05,2.567344381532166153e-05,6.525707431137561798e-03
2.540000000000000000e+02,2.558141022745985538e-05,2.558141022745985538e-05,8.894015103578567505e-03
2.550000000000000000e+02,2.549594137235544622e-05,2.549594137235544622e-05,6.240454968065023422e-03
2.560000000000000000e+02,2.541386493248865008e-05,2.541386493248865008e-05,9.732514619827270508e-03
2.570000000000000000e+02,2.534733539505396038e-05,2.534733539505396038e-05,5.763696506619453430e-03
2.580000000000000000e+02,2.528054574213456362e-05,2.528054574213456362e-05,1.032702438533306122e-02
2.590000000000000000e+02,2.522030263207852840e-05,2.522030263207852840e-05,5.217099562287330627e-03
2.600000000000000000e+02,2.516238964744843543e-05,2.516238964744843543e-05,1.035412214696407318e-02
2.610000000000000000e+02,2.510263584554195404e-05,2.510263584554195404e-05,5.597942043095827103e-03
2.620000000000000000e+02,2.504011172277387232e-05,2.504011172277387232e-05,1.055870018899440765e-02
2.630000000000000000e+02,2.498173125786706805e-05,2.498173125786706805e-05,5.455592181533575058e-03
2.640000000000000000e+02,2.492139174137264490e-05,2.492139174137264490e-05,9.635496884584426880e-03
2.650000000000000000e+02,2.485636650817468762e-05,2.485636650817468762e-05,5.664643831551074982e-03
2.660000000000000000e+02,2.479139402566943318e-05,2.479139402566943318e-05,1.007613539695739746e-02
2.670000000000000000e+02,2.473114000167697668e-05,2.473114000167697668e-05,5.502669140696525574e-03
2.680000000000000000e+02,2.467005651851650327e-05,2.467005651851650327e-05,1.075570937246084213e-02
2.690000000000000000e+02,2.461328767822124064e-05,2.461328767822124064e-05,5.075604189187288284e-03
2.700000000000000000e+02,2.455679350532591343e-05,2.455679350532591343e-05,1.175712421536445618e-02
2.710000000000000000e+02,2.449979729135520756e-05,2.449979729135520756e-05,4.993409849703311920e-03
2.720000000000000000e+02,2.444413803459610790e-05,2.444413803459610790e-05,1.236669719219207764e-02
2.730000000000000000e+02,2.438531009829603136e-05,2.438531009829603136e-05,4.887136630713939667e-03
2.740000000000000000e+02,2.432912151562049985e-05,2.432912151562049985e-05,1.134912297129631042e-02
2.750000000000000000e+02,2.427310755592770875e-05,2.427310755592770875e-05,4.935676697641611099e-03
2.760000000000000000e+02,2.421764293103478849e-05,2.421764293103478849e-05,1.243371237069368362e-02
2.770000000000000000e+02,2.415925700915977359e-05,2.415925700915977359e-05,4.936348646879196167e-03
2.780000000000000000e+02,2.410441084066405892e-05,2.410441084066405892e-05,1.198641862720251083e-02
2.790000000000000000e+02,2.404775295872241259e-05,2.404775295872241259e-05,4.687861539423465729e-03
2.800000000000000000e+02,2.398938522674143314e-05,2.398938522674143314e-05,1.185929216444492340e-02
2.810000000000000000e+02,2.393322574789635837e-05,2.393322574789635837e-05,4.985597450286149979e-03
2.820000000000000000e+02,2.387836866546422243e-05,2.387836866546422243e-05,1.037905644625425339e-02
2.830000000000000000e+02,2.382275488344021142e-05,2.382275488344021142e-05,5.152842495590448380e-03
2.840000000000000000e+02,2.376673910475801677e-05,2.376673910475801677e-05,1.038311887532472610e-02
2.850000000000000000e+02,2.371159462200012058e-05,2.371159462200012058e-05,5.047135520726442337e-03
2.860000000000000000e+02,2.365715772612020373e-05,2.365715772612020373e-05,1.075536105781793594e-02
2.870000000000000000e+02,2.360312828386668116e-05,2.360312828386668116e-05,4.810669459402561188e-03
2.880000000000000000e+02,2.354819116590078920e-05,2.354819116590078920e-05,1.207785960286855698e-02
2.890000000000000000e+02,2.349237365706358105e-05,2.349237365706358105e-05,4.882757086306810379e-03
2.900000000000000000e+02,2.343865344300866127e-05,2.343865344300866127e-05,1.091836113482713699e-02
2.910000000000000000e+02,2.338496778975240886e-05,2.338496778975240886e-05,4.931582603603601456e-03
2.920000000000000000e+02,2.333168595214374363e-05,2.333168595214374363e-05,1.111296098679304123e-02
2.930000000000000000e+02,2.327816582692321390e-05,2.327816582692321390e-05,4.980386234819889069e-03
2.940000000000000000e+02,2.322499858564697206e-05,2.322499858564697206e-05,1.129564363509416580e-02
2.950000000000000000e+02,2.317167127330321819e-05,2.317167127330321819e-05,4.720421507954597473e-03
2.960000000000000000e+02,2.311722346348688006e-05,2.311722346348688006e-05,1.092011202126741409e-02
2.970000000000000000e+02,2.306415990460664034e-05,2.306415990460664034e-05,4.816574975848197937e-03
2.980000000000000000e+02,2.301175845786929131e-05,2.301175845786929131e-05,1.025971956551074982e-02
2.990000000000000000e+02,2.295842750754673034e-05,2.295842750754673034e-05,5.198002792894840240e-03
3.000000000000000000e+02,2.290340125910006464e-05,2.290340125910006464e-05,9.016749449074268341e-03
3.010000000000000000e+02,2.284066249558236450e-05,2.284066249558236450e-05,5.601914599537849426e-03
3.020000000000000000e+02,2.277769999636802822e-05,2.277769999636802822e-05,7.877093739807605743e-03
3.030000000000000000e+02,2.267748641315847635e-05,2.267748641315847635e-05,6.546307820826768875e-03
3.040000000000000000e+02,2.258069253002759069e-05,2.258069253002759069e-05,7.971949875354766846e-03
3.050000000000000000e+02,2.248910823254846036e-05,2.248910823254846036e-05,6.444261875003576279e-03
3.060000000000000000e+02,2.239554669358767569e-05,2.239554669358767569e-05,7.035051472485065460e-03
3.070000000000000000e+02,2.219298039563000202e-05,2.219298039563000202e-05,1.077722944319248199e-02
3.080000000000000000e+02,2.202441464760340750e-05,2.202441464760340750e-05,6.443570367991924286e-03
3.090000000000000000e+02,2.154667163267731667e-05,2.154667163267731667e-05,2.039278484880924225e-02
3.100000000000000000e+02,2.115905772370751947e-05,2.115905772370751947e-05,7.020466029644012451e-03
3.110000000000000000e+02,2.099475750583223999e-05,2.099475750583223999e-05,1.037763431668281555e-02
3.120000000000000000e+02,2.083187791868112981e-05,2.083187791868112981e-05,8.035251870751380920e-03
3.130000000000000000e+02,2.076819873764179647e-05,2.076819873764179647e-05,4.901616368442773819e-03
3.140000000000000000e+02,2.071102608169894665e-05,2.071102608169894665e-05,7.861684076488018036e-03
3.150000000000000000e+02,2.063625288428738713e-05,2.063625288428738713e-05,6.330458912998437881e-03
3.160000000000000000e+02,2.055633012787438929e-05,2.055633012787438929e-05,8.782275952398777008e-03
3.170000000000000000e+02,2.050293369393330067e-05,2.050293369393330067e-05,5.041526630520820618e-03
3.180000000000000000e+02,2.045081237156409770e-05,2.045081237156409770e-05,8.738475851714611053e-03
3.190000000000000000e+02,2.039776518358848989e-05,2.039776518358848989e-05,5.074453540146350861e-03
3.200000000000000000e+02,2.034568205999676138e-05,2.034568205999676138e-05,8.682753890752792358e-03
3.210000000000000000e+02,2.029247480095364153e-05,2.029247480095364153e-05,5.071273073554039001e-03
3.220000000000000000e+02,2.024149580392986536e-05,2.024149580392986536e-05,8.662726730108261108e-03
3.230000000000000000e+02,2.018847226281650364e-05,2.018847226281650364e-05,5.068075843155384064e-03
3.240000000000000000e+02,2.013756420637946576e-05,2.013756420637946576e-05,8.630778640508651733e-03
3.250000000000000000e+02,2.008495357586070895e-05,2.008495357586070895e-05,5.041065160185098648e-03
3.260000000000000000e+02,2.003407644224353135e-05,2.003407644224353135e-05,8.539411239326000214e-03
3.270000000000000000e+02,1.998092739086132497e-05,1.998092739086132497e-05,4.966422449797391891e-03
3.280000000000000000e+02,1.993119076360017061e-05,1.993119076360017061e-05,8.507674559950828552e-03
3.290000000000000000e+02,1.987793621083255857e-05,1.987793621083255857e-05,4.939376376569271088e-03
3.300000000000000000e+02,1.982874528039246798e-05,1.982874528039246798e-05,8.440174162387847900e-03
3.310000000000000000e+02,1.977539977815467864e-05,1.977539977815467864e-05,4.924261011183261871e-03
3.320000000000000000e+02,1.972653626580722630e-05,1.972653626580722630e-05,8.337094448506832123e-03
3.330000000000000000e+02,1.967248317669145763e-05,1.967248317669145763e-05,5.380768794566392899e-03
3.340000000000000000e+02,1.961147063411772251e-05,1.961147063411772251e-05,8.623619563877582550e-03
3.350000000000000000e+02,1.956127562152687460e-05,1.956127562152687460e-05,4.857895895838737488e-03
3.360000000000000000e+02,1.951378362718969584e-05,1.951378362718969584e-05,9.756955318152904510e-03
3.370000000000000000e+02,1.946899647009558976e-05,1.946899647009558976e-05,4.670502152293920517e-03
3.380000000000000000e+02,1.942350900208111852e-05,1.942350900208111852e-05,8.681789971888065338e-03
3.390000000000000000e+02,1.937449269462376833e-05,1.937449269462376833e-05,4.897783510386943817e-03
3.400000000000000000e+02,1.932572922669351101e-05,1.932572922669351101e-05,8.092272095382213593e-03
3.410000000000000000e+02,1.926986078615300357e-05,1.926986078615300357e-05,5.195437930524349213e-03
3.420000000000000000e+02,1.921566581586375833e-05,1.921566581586375833e-05,7.785165682435035706e-03
3.430000000000000000e+02,1.915397297125309706e-05,1.915397297125309706e-05,5.194387398660182953e-03
3.440000000000000000e+02,1.909778075059875846e-05,1.909778075059875846e-05,7.274631410837173462e-03
3.450000000000000000e+02,1.901729592646006495e-05,1.901729592646006495e-05,6.079673767089843750e-03
3.460000000000000000e+02,1.893389162432868034e-05,1.893389162432868034e-05,7.206398528069257736e-03
3.470000000000000000e+02,1.885243545984849334e-05,1.885243545984849334e-05,5.731160752475261688e-03
3.480000000000000000e+02,1.877996328403241932e-05,1.877996328403241932e-05,6.319825537502765656e-03
3.490000000000000000e+02,1.857435927377082407e-05,1.857435927377082407e-05,1.309281028807163239e-02
3.500000000000000000e+02,1.837728268583305180e-05,1.837728268583305180e-05,7.165934424847364426e-03
3.510000000000000000e+02,1.830239489208906889e-05,1.830239489208906889e-05,5.528207402676343918e-03
3.520000000000000000e+02,1.823455022531561553e-05,1.823455022531561553e-05,7.125328294932842255e-03
3.530000000000000000e+02,1.815834002627525479e-05,1.815834002627525479e-05,5.856805015355348587e-03
3.540000000000000000e+02,1.808287561289034784e-05,1.808287561289034784e-05,6.464322097599506378e-03
3.550000000000000000e+02,1.794858326320536435e-05,1.794858326320536435e-05,8.769936859607696533e-03
3.560000000000000000e+02,1.782540857675485313e-05,1.782540857675485313e-05,6.078907288610935211e-03
3.570000000000000000e+02,1.760615487000904977e-05,1.760615487000904977e-05,1.497897692024707794e-02
3.580000000000000000e+02,1.737250931910239160e-05,1.737250931910239160e-05,5.044978111982345581e-03
3.590000000000000000e+02,1.707790761429350823e-05,1.707790761429350823e-05,1.870529726147651672e-02
3.600000000000000000e+02,1.678809530858416110e-05,1.678809530858416110e-05,6.338591687381267548e-03
3.610000000000000000e+02,1.671664176683407277e-05,1.671664176683407277e-05,7.008028682321310043e-03
3.620000000000000000e+02,1.665897980274166912e-05,1.665897980274166912e-05,8.616611361503601074e-03
3.630000000000000000e+02,1.662014437897596508e-05,1.662014437897596508e-05,4.447915125638246536e-03
3.640000000000000000e+02,1.657977736613247544e-05,1.657977736613247544e-05,7.851313799619674683e-03
3.650000000000000000e+02,1.653643812460359186e-05,1.653643812460359186e-05,4.616411868482828140e-03
3.660000000000000000e+02,1.649330442887730896e-05,1.649330442887730896e-05,8.189493790268898010e-03
3.670000000000000000e+02,1.645299562369473279e-05,1.645299562369473279e-05,4.488104954361915588e-03
3.680000000000000000e+02,1.641289236431475729e-05,1.641289236431475729e-05,8.671419695019721985e-03
3.690000000000000000e+02,1.637493187445215881e-05,1.637493187445215881e-05,4.098706413060426712e-03
3.700000000000000000e+02,1.633763531572185457e-05,1.633763531572185457e-05,9.475170634686946869e-03
3.710000000000000000e+02,1.629976759431883693e-05,1.629976759431883693e-05,4.006710834801197052e-03
3.720000000000000000e+02,1.626241646590642631e-05,1.626241646590642631e-05,9.886875748634338379e-03
3.730000000000000000e+02,1.622395575395785272e-05,1.622395575395785272e-05,3.950296901166439056e-03
3.740000000000000000e+02,1.618617170606739819e-05,1.618617170606739819e-05,9.086306206881999969e-03
3.750000000000000000e+02,1.614920074644032866e-05,1.614920074644032866e-05,4.238632507622241974e-03
3.760000000000000000e+02,1.611142579349689186e-05,1.611142579349689186e-05,7.869938388466835022e-03
3.770000000000000000e+02,1.607058948138728738e-05,1.607058948138728738e-05,4.455311689525842667e-03
3.780000000000000000e+02,1.603111195436213166e-05,1.603111195436213166e-05,7.115467917174100876e-03
3.790000000000000000e+02,1.597931259311735630e-05,1.597931259311735630e-05,4.883610643446445465e-03
3.800000000000000000e+02,1.592898843227885664e-05,1.592898843227885664e-05,7.247969042509794235e-03
3.810000000000000000e+02,1.588094528415240347e-05,1.588094528415240347e-05,4.848418757319450378e-03
3.820000000000000000e+02,1.583239463798236102e-05,1.583239463798236102e-05,6.584987509995698929e-03
3.830000000000000000e+02,1.576367321831639856e-05,1.576367321831639856e-05,5.427974276244640350e-03
3.840000000000000000e+02,1.569824053149204701e-05,1.569824053149204701e-05,6.353565026074647903e-03
3.850000000000000000e+02,1.561675890116021037e-05,1.561675890116021037e-05,6.477356888353824615e-03
3.860000000000000000e+02,1.553221954964101315e-05,1.553221954964101315e-05,5.032796412706375122e-03
3.870000000000000000e+02,1.385911946272244677e-05,1.385911946272244677e-05,5.041516944766044617e-02
3.880000000000000000e+02,1.224724201165372506e-05,1.224724201165372506e-05,5.527714267373085022e-03
3.890000000000000000e+02,1.219619844050612301e-05,1.219619844050612301e-05,8.654917590320110321e-03
3.900000000000000000e+02,1.216444161400431767e-05,1.216444161400431767e-05,3.277035895735025406e-03
3.910000000000000000e+02,1.213668019772740081e-05,1.213668019772740081e-05,8.509036153554916382e-03
3.920000000000000000e+02,1.210806112794671208e-05,1.210806112794671208e-05,3.353350795805454254e-03
3.930000000000000000e+02,1.207898822030983865e-05,1.207898822030983865e-05,8.673006668686866760e-03
3.940000000000000000e+02,1.205034095619339496e-05,1.205034095619339496e-05,3.226612461730837822e-03
3.950000000000000000e+02,1.201958821184234694e-05,1.201958821184234694e-05,9.736379608511924744e-03
3.960000000000000000e+02,1.198672180180437863e-05,1.198672180180437863e-05,3.122929716482758522e-03
3.970000000000000000e+02,1.195157983602257445e-05,1.195157983602257445e-05,1.093425974249839783e-02
3.980000000000000000e+02,1.191172123071737587e-05,1.191172123071737587e-05,3.077088389545679092e-03
3.990000000000000000e+02,1.187423913506790996e-05,1.187423913506790996e-05,9.964513592422008514e-03
4.000000000000000000e+02,1.184047869173809886e-05,1.184047869173809886e-05,3.234013915061950684e-03
4.010000000000000000e+02,1.181094557978212833e-05,1.181094557978212833e-05,9.236762300133705139e-03
4.020000000000000000e+02,1.178034290205687284e-05,1.178034290205687284e-05,3.142613684758543968e-03
4.030000000000000000e+02,1.174813041870947927e-05,1.174813041870947927e-05,1.025351043790578842e-02
4.040000000000000000e+02,1.171271742350654677e-05,1.171271742350654677e-05,3.145416267216205597e-03
4.050000000000000000e+02,1.167982554761692882e-05,1.167982554761692882e-05,9.558999910950660706e-03
4.060000000000000000e+02,1.164808782050386071e-05,1.164808782050386071e-05,3.267527092248201370e-03
4.070000000000000000e+02,1.161943964689271525e-05,1.161943964689271525e-05,9.466273710131645203e-03
4.080000000000000000e+02,1.158818122348748147e-05,1.158818122348748147e-05,3.259334946051239967e-03
4.090000000000000000e+02,1.155985410150606185e-05,1.155985410150606185e-05,9.460827335715293884e-03
4.100000000000000000e+02,1.152869845100212842e-05,1.152869845100212842e-05,3.227337496355175972e-03
4.110000000000000000e+02,1.150048592535313219e-05,1.150048592535313219e-05,9.407808072865009308e-03
4.120000000000000000e+02,1.146964496001601219e-05,1.146964496001601219e-05,3.231188282370567322e-03
4.130000000000000000e+02,1.144112684414722025e-05,1.144112684414722025e-05,9.307250380516052246e-03
4.140000000000000000e+02,1.141083703259937465e-05,1.141083703259937465e-05,3.211216302588582039e-03
4.150000000000000000e+02,1.138234074460342526e-05,1.138234074460342526e-05,9.242509491741657257e-03
4.160000000000000000e+02,1.135226375481579453e-05,1.135226375481579453e-05,3.131608711555600166e-03
4.170000000000000000e+02,1.132379384216619655e-05,1.132379384216619655e-05,9.153965860605239868e-03
4.180000000000000000e+02,1.129425800172612071e-05,1.129425800172612071e-05,3.147486364468932152e-03
4.190000000000000000e+02,1.126523875427665189e-05,1.126523875427665189e-05,9.017916396260261536e-03
4.200000000000000000e+02,1.123607580666430295e-05,1.123607580666430295e-05,3.151342738419771194e-03
4.210000000000000000e+02,1.120684828492812812e-05,1.120684828492812812e-05,8.905644528567790985e-03
4.220000000000000000e+02,1.117818464990705252e-05,1.117818464990705252e-05,3.107568714767694473e-03
4.230000000000000000e+02,1.114872429752722383e-05,1.114872429752722383e-05,8.769568987190723419e-03
4.240000000000000000e+02,1.112085374188609421e-05,1.112085374188609421e-05,3.099643159657716751e-03
4.250000000000000000e+02,1.109162894863402471e-05,1.109162894863402471e-05,8.705123327672481537e-03
4.260000000000000000e+02,1.106392028304981068e-05,1.106392028304981068e-05,3.091719234362244606e-03
4.270000000000000000e+02,1.103427621274022385e-05,1.103427621274022385e-05,8.604869246482849121e-03
4.280000000000000000e+02,1.100688041333341971e-05,1.100688041333341971e-05,3.024141537025570869e-03
4.290000000000000000e+02,1.097696986107621342e-05,1.097696986107621342e-05,8.926738053560256958e-03
4.300000000000000000e+02,1.094857907446566969e-05,1.094857907446566969e-05,3.194403136149048805e-03
4.310000000000000000e+02,1.092267120839096606e-05,1.092267120839096606e-05,8.033029735088348389e-03
4.320000000000000000e+02,1.089714169211219996e-05,1.089714169211219996e-05,3.270457964390516281e-03
4.330000000000000000e+02,1.087210875994060189e-05,1.087210875994060189e-05,7.912791334092617035e-03
4.340000000000000000e+02,1.084689574781805277e-05,1.084689574781805277e-05,3.144522663205862045e-03
4.350000000000000000e+02,1.082055132428649813e-05,1.082055132428649813e-05,7.946758531033992767e-03
4.360000000000000000e+02,1.079536650649970397e-05,1.079536650649970397e-05,3.339364659041166306e-03
4.370000000000000000e+02,1.077073738997569308e-05,1.077073738997569308e-05,7.041940931230783463e-03
4.380000000000000000e+02,1.074567171599483117e-05,1.074567171599483117e-05,3.486848436295986176e-03
4.390000000000000000e+02,1.072015948011539876e-05,1.072015948011539876e-05,7.123758550733327866e-03
4.400000000000000000e+02,1.069559129973640665e-05,1.069559129973640665e-05,3.432339988648891449e-03
4.410000000000000000e+02,1.067078301275614649e-05,1.067078301275614649e-05,6.397148594260215759e-03
4.420000000000000000e+02,1.064375464920885861e-05,1.064375464920885861e-05,3.650741651654243469e-03
4.430000000000000000e+02,1.061711009242571890e-05,1.061711009242571890e-05,6.061786320060491562e-03
4.440000000000000000e+02,1.058709312928840518e-05,1.058709312928840518e-05,3.892205888405442238e-03
4.450000000000000000e+02,1.055633219948504120e-05,1.055633219948504120e-05,5.902857054024934769e-03
4.460000000000000000e+02,1.052461084327660501e-05,1.052461084327660501e-05,4.013849887996912003e-03
4.470000000000000000e+02,1.049104412231827155e-05,1.049104412231827155e-05,5.564268212765455246e-03
4.480000000000000000e+02,1.045282078848686069e-05,1.045282078848686069e-05,4.209392704069614410e-03
4.490000000000000000e+02,1.041511313815135509e-05,1.041511313815135509e-05,5.781815852969884872e-03
4.500000000000000000e+02,1.038260415953118354e-05,1.038260415953118354e-05,3.755857935175299644e-03
4.510000000000000000e+02,1.035352579492609948e-05,1.035352579492609948e-05,6.169676780700683594e-03
4.520000000000000000e+02,1.032637646858347580e-05,1.032637646858347580e-05,3.510957350954413414e-03
4.530000000000000000e+02,1.030151815939461812e-05,1.030151815939461812e-05,6.512495689094066620e-03
4.540000000000000000e+02,1.027661619446007535e-05,1.027661619446007535e-05,3.336545545607805252e-03
4.550000000000000000e+02,1.025296751322457567e-05,1.025296751322457567e-05,6.927479989826679230e-03
4.560000000000000000e+02,1.022924880089703947e-05,1.022924880089703947e-05,3.353472100570797920e-03
4.570000000000000000e+02,1.020541094476357102e-05,1.020541094476357102e-05,6.557839456945657730e-03
4.580000000000000000e+02,1.018109196593286470e-05,1.018109196593286470e-05,3.441588021814823151e-03
4.590000000000000000e+02,1.015662382997106761e-05,1.015662382997106761e-05,6.366256624460220337e-03
4.600000000000000000e+02,1.013160999718820676e-05,1.013160999718820676e-05,3.541474696248769760e-03
4.610000000000000000e+02,1.010633695841534063e-05,1.010633695841534063e-05,6.388180423527956009e-03
4.620000000000000000e+02,1.008166145766153932e-05,1.008166145766153932e-05,3.546126652508974075e-03
4.630000000000000000e+02,1.005646117846481502e-05,1.005646117846481502e-05,6.279487162828445435e-03
4.640000000000000000e+02,1.003167471935739741e-05,1.003167471935739741e-05,3.716254141181707382e-03
4.650000000000000000e+02,1.000415795715525746e-05,1.000415795715525746e-05,6.586199160665273666e-03
4.660000000000000000e+02,9.980652976082637906e-06,9.980652976082637906e-06,3.329333150759339333e-03
4.670000000000000000e+02,9.957610018318518996e-06,9.957610018318518996e-06,6.466418970376253128e-03
4.680000000000000000e+02,9.933767614711541682e-06,9.933767614711541682e-06,3.405400086194276810e-03
4.690000000000000000e+02,9.909468644764274359e-06,9.909468644764274359e-06,6.465109996497631073e-03
4.700000000000000000e+02,9.885924555419478565e-06,9.885924555419478565e-06,3.362946677953004837e-03
4.710000000000000000e+02,9.862715160124935210e-06,9.862715160124935210e-06,6.999303586781024933e-03
4.720000000000000000e+02,9.840165148489177227e-06,9.840165148489177227e-06,3.237280296161770821e-03
4.730000000000000000e+02,9.817713362281210721e-06,9.817713362281210721e-06,7.426766678690910339e-03
4.740000000000000000e+02,9.794905054150149226e-06,9.794905054150149226e-06,3.099828492850065231e-03
4.750000000000000000e+02,9.771998520591296256e-06,9.771998520591296256e-06,7.366583682596683502e-03
4.760000000000000000e+02,9.749495802680030465e-06,9.749495802680030465e-06,2.974146511405706406e-03
4.770000000000000000e+02,9.725807103677652776e-06,9.725807103677652776e-06,7.615333423018455505e-03
4.780000000000000000e+02,9.703122486826032400e-06,9.703122486826032400e-06,2.895845798775553703e-03
4.790000000000000000e+02,9.677813977759797126e-06,9.677813977759797126e-06,8.616936393082141876e-03
4.800000000000000000e+02,9.652138032834045589e-06,9.652138032834045589e-06,3.102515591308474541e-03
4.810000000000000000e+02,9.629541636968497187e-06,9.629541636968497187e-06,7.636086549609899521e-03
4.820000000000000000e+02,9.606857929611578584e-06,9.606857929611578584e-06,3.119456116110086441e-03
4.830000000000000000e+02,9.585013685864396393e-06,9.585013685864396393e-06,7.528586313128471375e-03
4.840000000000000000e+02,9.562433660903479904e-06,9.562433660903479904e-06,2.982007106766104698e-03
4.850000000000000000e+02,9.539528036839328706e-06,9.539528036839328706e-06,7.599094882607460022e-03
4.860000000000000000e+02,9.517085345578379929e-06,9.517085345578379929e-06,2.868113806471228600e-03
4.870000000000000000e+02,9.492033314018044621e-06,9.492033314018044621e-06,8.403622545301914215e-03
4.880000000000000000e+02,9.467396012041717768e-06,9.467396012041717768e-06,3.015385009348392487e-03
4.890000000000000000e+02,9.445217074244283140e-06,9.445217074244283140e-06,7.382359355688095093e-03
4.900000000000000000e+02,9.423153642273973674e-06,9.423153642273973674e-06,2.996733877807855606e-03
4.910000000000000000e+02,9.401044735568575561e-06,9.401044735568575561e-06,7.060722447931766510e-03
4.920000000000000000e+02,9.379527909914031625e-06,9.379527909914031625e-06,3.109190845862030983e-03
4.930000000000000000e+02,9.358280294691212475e-06,9.358280294691212475e-06,6.620545871555805206e-03
4.940000000000000000e+02,9.336644325230736285e-06,9.336644325230736285e-06,3.174013225361704826e-03
4.950000000000000000e+02,9.314959243056364357e-06,9.314959243056364357e-06,6.715307477861642838e-03
4.960000000000000000e+02,9.293882612837478518e-06,9.293882612837478518e-06,3.013011766597628593e-03
4.970000000000000000e+02,9.272295756090898067e-06,9.272295756090898067e-06,7.452291436493396759e-03
4.980000000000000000e+02,9.250370567315258086e-06,9.250370567315258086e-06,2.994364360347390175e-03
4.990000000000000000e+02,9.228974704456049949e-06,9.228974704456049949e-06,7.190247066318988800e-03
5.000000000000000000e+02,9.207911716657690704e-06,9.207911716657690704e-06,2.904794877395033836e-03
5.010000000000000000e+02,9.185187082039192319e-06,9.185187082039192319e-06,7.237216923385858536e-03
5.020000000000000000e+02,9.163843969872687012e-06,9.163843969872687012e-06,3.052585059776902199e-03
5.030000000000000000e+02,9.143096576735842973e-06,9.143096576735842973e-06,6.440333090722560883e-03
5.040000000000000000e+02,9.121869879891164601e-06,9.121869879891164601e-06,3.212671494111418724e-03
5.050000000000000000e+02,9.100305760512128472e-06,9.100305760512128472e-06,6.463758647441864014e-03
5.060000000000000000e+02,9.079281880985945463e-06,9.079281880985945463e-06,3.134890692308545113e-03
5.070000000000000000e+02,9.058469004230573773e-06,9.058469004230573773e-06,6.760920397937297821e-03
5.080000000000000000e+02,9.037802556122187525e-06,9.037802556122187525e-06,3.021513344720005989e-03
5.090000000000000000e+02,9.017388947540894151e-06,9.017388947540894151e-06,6.380442995578050613e-03
5.100000000000000000e+02,8.996614269562996924e-06,8.996614269562996924e-06,3.240996738895773888e-03
5.110000000000000000e+02,8.975205673777963966e-06,8.975205673777963966e-06,5.571259651333093643e-03
5.120000000000000000e+02,8.950087249104399234e-06,8.950087249104399234e-06,3.625905606895685196e-03
5.130000000000000000e+02,8.922694178181700408e-06,8.922694178181700408e-06,5.782123189419507980e-03
5.140000000000000000e+02,8.899763997760601342e-06,8.899763997760601342e-06,3.250278998166322708e-03
5.150000000000000000e+02,8.878223525243811309e-06,8.878223525243811309e-06,6.601806730031967163e-03
5.160000000000000000e+02,8.857949069351889193e-06,8.857949069351889193e-06,3.124434035271406174e-03
5.170000000000000000e+02,8.837236237013712525e-06,8.837236237013712525e-06,5.923852790147066116e-03
5.180000000000000000e+02,8.815486580715514719e-06,8.815486580715514719e-06,3.319859737530350685e-03
5.190000000000000000e+02,8.792586413619574159e-06,8.792586413619574159e-06,5.530128721147775650e-03
5.200000000000000000e+02,8.767791769059840590e-06,8.767791769059840590e-06,3.538353601470589638e-03
5.210000000000000000e+02,8.742195859667845070e-06,8.742195859667845070e-06,5.360678769648075104e-03
5.220000000000000000e+02,8.715773219591937959e-06,8.715773219591937959e-06,3.589379368349909782e-03
5.230000000000000000e+02,8.688378329679835588e-06,8.688378329679835588e-06,5.047529004514217377e-03
5.240000000000000000e+02,8.656068530399352312e-06,8.656068530399352312e-06,3.813378745689988136e-03
5.250000000000000000e+02,8.625536793260835111e-06,8.625536793260835111e-06,5.136031657457351685e-03
5.260000000000000000e+02,8.596205589128658175e-06,8.596205589128658175e-06,3.832011017948389053e-03
5.270000000000000000e+02,8.563200935896020383e-06,8.563200935896020383e-06,5.284199956804513931e-03
5.280000000000000000e+02,8.536945642845239490e-06,8.536945642845239490e-06,3.418865613639354706e-03
5.290000000000000000e+02,8.512687600159551948e-06,8.512687600159551948e-06,5.638001952320337296e-03
5.300000000000000000e+02,8.490735126542858779e-06,8.490735126542858779e-06,3.217013552784919739e-03
5.310000000000000000e+02,8.470300599583424628e-06,8.470300599583424628e-06,5.244798026978969574e-03
5.320000000000000000e+02,8.444206287094857544e-06,8.444206287094857544e-06,3.677664091810584068e-03
5.330000000000000000e+02,8.416236596531234682e-06,8.416236596531234682e-06,5.418957676738500595e-03
5.340000000000000000e+02,8.392687959712930024e-06,8.392687959712930024e-06,3.348708385601639748e-03
5.350000000000000000e+02,8.370156137971207500e-06,8.370156137971207500e-06,5.583703517913818359e-03
5.360000000000000000e+02,8.348417395609430969e-06,8.348417395609430969e-06,3.193134441971778870e-03
5.370000000000000000e+02,8.327778232342097908e-06,8.327778232342097908e-06,5.368709564208984375e-03
5.380000000000000000e+02,8.304270522785373032e-06,8.304270522785373032e-06,3.453333629295229912e-03
5.390000000000000000e+02,8.279743269667960703e-06,8.279743269667960703e-06,5.366205237805843353e-03
5.400000000000000000e+02,8.256527507910504937e-06,8.256527507910504937e-06,3.350742626935243607e-03
5.410000000000000000e+02,8.234090273617766798e-06,8.234090273617766798e-06,4.769375547766685486e-03
5.420000000000000000e+02,8.199376679840497673e-06,8.199376679840497673e-06,4.065036773681640625e-03
5.430000000000000000e+02,8.162522135535255075e-06,8.162522135535255075e-06,4.950034432113170624e-03
5.440000000000000000e+02,8.133580195135436952e-06,8.133580195135436952e-06,3.650535829365253448e-03
5.450000000000000000e+02,8.105664164759218693e-06,8.105664164759218693e-06,4.611407406628131866e-03
5.460000000000000000e+02,8.066521331784315407e-06,8.066521331784315407e-06,4.160404205322265625e-03
5.470000000000000000e+02,8.028071533772163093e-06,8.028071533772163093e-06,4.409271292388439178e-03
5.480000000000000000e+02,7.977978384587913752e-06,7.977978384587913752e-06,4.580487497150897980e-03
5.490000000000000000e+02,7.934936547826509923e-06,7.934936547826509923e-06,4.487823229283094406e-03
5.500000000000000000e+02,7.892632311268243939e-06,7.892632311268243939e-06,5.374450702220201492e-03
5.510000000000000000e+02,7.842884770070668310e-06,7.842884770070668310e-06,4.507008008658885956e-03
5.520000000000000000e+02,7.803229891578666866e-06,7.803229891578666866e-06,4.455921240150928497e-03
5.530000000000000000e+02,7.762057975924108177e-06,7.762057975924108177e-06,5.231610499322414398e-03
5.540000000000000000e+02,7.740862201899290085e-06,7.740862201899290085e-06,3.361754585057497025e-03
5.550000000000000000e+02,7.717244443483650684e-06,7.717244443483650684e-06,5.372290499508380890e-03
5.560000000000000000e+02,7.697432920394930989e-06,7.697432920394930989e-06,2.993443049490451813e-03
5.570000000000000000e+02,7.678907422814518213e-06,7.678907422814518213e-06,6.002726498991250992e-03
5.580000000000000000e+02,7.661195922992192209e-06,7.661195922992192209e-06,2.873347606509923935e-03
5.590000000000000000e+02,7.643441676918882877e-06,7.643441676918882877e-06,6.146329920738935471e-03
5.600000000000000000e+02,7.626009846717352048e-06,7.626009846717352048e-06,2.689041430130600929e-03
5.610000000000000000e+02,7.608257874380797148e-06,7.608257874380797148e-06,6.848846562206745148e-03
5.620000000000000000e+02,7.590263976453570649e-06,7.590263976453570649e-06,2.766458317637443542e-03
5.630000000000000000e+02,7.572836238978197798e-06,7.572836238978197798e-06,6.683136336505413055e-03
5.640000000000000000e+02,7.555159754701890051e-06,7.555159754701890051e-06,2.593940123915672302e-03
5.650000000000000000e+02,7.536970770161133260e-06,7.536970770161133260e-06,6.755094975233078003e-03
5.660000000000000000e+02,7.519147857237840071e-06,7.519147857237840071e-06,2.528477460145950317e-03
5.670000000000000000e+02,7.499535968236159533e-06,7.499535968236159533e-06,7.522630039602518082e-03
5.680000000000000000e+02,7.479840405721915886e-06,7.479840405721915886e-06,2.628953196108341217e-03
5.690000000000000000e+02,7.462071152986027300e-06,7.462071152986027300e-06,6.505460478365421295e-03
5.700000000000000000e+02,7.444705261150375009e-06,7.444705261150375009e-06,2.634919015690684319e-03
5.710000000000000000e+02,7.427376658597495407e-06,7.427376658597495407e-06,6.256587803363800049e-03
5.720000000000000000e+02,7.410420039377640933e-06,7.410420039377640933e-06,2.748195081949234009e-03
5.730000000000000000e+02,7.393464329652488232e-06,7.393464329652488232e-06,5.841394420713186264e-03
5.740000000000000000e+02,7.376534540526336059e-06,7.376534540526336059e-06,2.956475131213665009e-03
5.750000000000000000e+02,7.358901257248362526e-06,7.358901257248362526e-06,5.128432530909776688e-03
5.760000000000000000e+02,7.338903287745779380e-06,7.338903287745779380e-06,2.960250247269868851e-03
5.770000000000000000e+02,7.320913937292061746e-06,7.320913937292061746e-06,5.163844674825668335e-03
5.780000000000000000e+02,7.301528057723771781e-06,7.301528057723771781e-06,3.028187202289700508e-03
5.790000000000000000e+02,7.283250852196943015e-06,7.283250852196943015e-06,5.211297422647476196e-03
5.800000000000000000e+02,7.264218766067642719e-06,7.264218766067642719e-06,3.012677188962697983e-03
5.810000000000000000e+02,7.245820597745478153e-06,7.245820597745478153e-06,5.234909243881702423e-03
5.820000000000000000e+02,7.227371497720014304e-06,7.227371497720014304e-06,3.056773915886878967e-03
5.830000000000000000e+02,7.208444003481417894e-06,7.208444003481417894e-06,5.282363388687372208e-03
5.840000000000000000e+02,7.190170435933396220e-06,7.190170435933396220e-06,3.041251329705119133e-03
5.850000000000000000e+02,7.171136530814692378e-06,7.171136530814692378e-06,5.329817999154329300e-03
5.860000000000000000e+02,7.153530532377772033e-06,7.153530532377772033e-06,3.109164070338010788e-03
5.870000000000000000e+02,7.134357474569696933e-06,7.134357474569696933e-06,5.377337336540222168e-03
5.880000000000000000e+02,7.117027962522115558e-06,7.117027962522115558e-06,2.912316005676984787e-03
5.890000000000000000e+02,7.099767117324518040e-06,7.099767117324518040e-06,5.532695446163415909e-03
5.900000000000000000e+02,7.083094260451616719e-06,7.083094260451616719e-06,2.858888357877731323e-03
5.910000000000000000e+02,7.066210855555254966e-06,7.066210855555254966e-06,5.069668404757976532e-03
5.920000000000000000e+02,7.047474355204030871e-06,7.047474355204030871e-06,3.015637397766113281e-03
5.930000000000000000e+02,7.029230800981167704e-06,7.029230800981167704e-06,5.283632781356573105e-03
5.940000000000000000e+02,7.012012702034553513e-06,7.012012702034553513e-06,2.894165925681591034e-03
5.950000000000000000e+02,6.994929208303801715e-06,6.994929208303801715e-06,5.676920525729656219e-03
5.960000000000000000e+02,6.978835244808578864e-06,6.978835244808578864e-06,2.686316613107919693e-03
5.970000000000000000e+02,6.963153282413259149e-06,6.963153282413259149e-06,6.332697346806526184e-03
5.980000000000000000e+02,6.946866051293909550e-06,6.946866051293909550e-06,2.633142983540892601e-03
5.990000000000000000e+02,6.931283678568433970e-06,6.931283678568433970e-06,5.477631464600563049e-03
6.000000000000000000e+02,6.914899586263345554e-06,6.914899586263345554e-06,2.710831817239522934e-03
6.010000000000000000e+02,6.899099844304146245e-06,6.899099844304146245e-06,5.383740179240703583e-03
6.020000000000000000e+02,6.882604793645441532e-06,6.882604793645441532e-06,2.871740609407424927e-03
6.030000000000000000e+02,6.865563136670971289e-06,6.865563136670971289e-06,5.360734183341264725e-03
6.040000000000000000e+02,6.849220426374813542e-06,6.849220426374813542e-06,2.782727824524044991e-03
6.050000000000000000e+02,6.833070983702782542e-06,6.833070983702782542e-06,5.766429938375949860e-03
6.060000000000000000e+02,6.817484063503798097e-06,6.817484063503798097e-06,2.836604835465550423e-03
6.070000000000000000e+02,6.801391918997978792e-06,6.801391918997978792e-06,5.565585102885961533e-03
6.080000000000000000e+02,6.785508958273567259e-06,6.785508958273567259e-06,2.628742950037121773e-03
6.090000000000000000e+02,6.770103027520235628e-06,6.770103027520235628e-06,6.268956232815980911e-03
6.100000000000000000e+02,6.754411515430547297e-06,6.754411515430547297e-06,2.409106120467185974e-03
6.110000000000000000e+02,6.737584044458344579e-06,6.737584044458344579e-06,7.448930758982896805e-03
6.120000000000000000e+02,6.718586519127711654e-06,6.718586519127711654e-06,2.414850983768701553e-03
6.130000000000000000e+02,6.699760433548362926e-06,6.699760433548362926e-06,7.458419539034366608e-03
6.140000000000000000e+02,6.680833848804468289e-06,6.680833848804468289e-06,2.277175197377800941e-03
6.150000000000000000e+02,6.657847734459210187e-06,6.657847734459210187e-06,8.145669475197792053e-03
6.160000000000000000e+02,6.635855243075639009e-06,6.635855243075639009e-06,2.328789792954921722e-03
6.170000000000000000e+02,6.614935045945458114e-06,6.614935045945458114e-06,7.418038323521614075e-03
6.180000000000000000e+02,6.596267667191568762e-06,6.596267667191568762e-06,2.428792184218764305e-03
6.190000000000000000e+02,6.579859473276883364e-06,6.579859473276883364e-06,6.962164305150508881e-03
6.200000000000000000e+02,6.562729140568990260e-06,6.562729140568990260e-06,2.363333012908697128e-03
6.210000000000000000e+02,6.544858933921204880e-06,6.544858933921204880e-06,7.120926864445209503e-03
6.220000000000000000e+02,6.527182904392248020e-06,6.527182904392248020e-06,2.321186941117048264e-03
6.230000000000000000e+02,6.509708782687084749e-06,6.509708782687084749e-06,7.049465551972389221e-03
6.240000000000000000e+02,6.492232841992517933e-06,6.492232841992517933e-06,2.350752940401434898e-03
6.250000000000000000e+02,6.474022939073620364e-06,6.474022939073620364e-06,7.334697060286998749e-03
6.260000000000000000e+02,6.455788934545125812e-06,6.455788934545125812e-06,2.272765617817640305e-03
6.270000000000000000e+02,6.434237093344563618e-06,6.434237093344563618e-06,8.177038282155990601e-03
6.280000000000000000e+02,6.412155926227569580e-06,6.412155926227569580e-06,2.196479821577668190e-03
6.290000000000000000e+02,6.370519258780404925e-06,6.370519258780404925e-06,1.119619980454444885e-02
6.300000000000000000e+02,6.327863957267254591e-06,6.327863957267254591e-06,2.214025007560849190e-03
6.310000000000000000e+02,6.301825123955495656e-06,6.301825123955495656e-06,8.547665551304817200e-03
6.320000000000000000e+02,6.277874490479007363e-06,6.277874490479007363e-06,2.180907642468810081e-03
6.330000000000000000e+02,6.257264431042131037e-06,6.257264431042131037e-06,7.783402688801288605e-03
6.340000000000000000e+02,6.237105480977334082e-06,6.237105480977334082e-06,2.280671847984194756e-03
6.350000000000000000e+02,6.219997430889634416e-06,6.219997430889634416e-06,7.104736752808094025e-03
6.360000000000000000e+02,6.202827535162214190e-06,6.202827535162214190e-06,2.167335944250226021e-03
6.370000000000000000e+02,6.177664545248262584e-06,6.177664545248262584e-06,9.312544949352741241e-03
6.380000000000000000e+02,6.149028195068240166e-06,6.149028195068240166e-06,2.193142194300889969e-03
6.390000000000000000e+02,6.126577773102326319e-06,6.126577773102326319e-06,7.799970451742410660e-03
6.400000000000000000e+02,6.106367891334230080e-06,6.106367891334230080e-06,2.078049117699265480e-03
6.410000000000000000e+02,6.075515557313337922e-06,6.075515557313337922e-06,9.134295396506786346e-03
6.420000000000000000e+02,6.048136128811165690e-06,6.048136128811165690e-06,2.165201818570494652e-03
6.430000000000000000e+02,6.005302566336467862e-06,6.005302566336467862e-06,1.114065013825893402e-02
6.440000000000000000e+02,5.963041985523886979e-06,5.963041985523886979e-06,2.504429314285516739e-03
6.450000000000000000e+02,5.852029971720185131e-06,5.852029971720185131e-06,1.746254228055477142e-02
6.460000000000000000e+02,5.728604264731984586e-06,5.728604264731984586e-06,2.687076572328805923e-03
6.470000000000000000e+02,5.699904249922838062e-06,5.699904249922838062e-06,8.155551739037036896e-03
6.480000000000000000e+02,5.672607585438527167e-06,5.672607585438527167e-06,1.828925800509750843e-03
6.490000000000000000e+02,5.658730970026226714e-06,5.658730970026226714e-06,5.727871321141719818e-03
6.500000000000000000e+02,5.645578767143888399e-06,5.645578767143888399e-06,2.396139083430171013e-03
6.510000000000000000e+02,5.632718966808170080e-06,5.632718966808170080e-06,5.884987767785787582e-03
6.520000000000000000e+02,5.619360763375880197e-06,5.619360763375880197e-06,2.295844489708542824e-03
6.530000000000000000e+02,5.606343165709404275e-06,5.606343165709404275e-06,6.184575613588094711e-03
6.540000000000000000e+02,5.592296474787872285e-06,5.592296474787872285e-06,2.254974329844117165e-03
6.550000000000000000e+02,5.578809577855281532e-06,5.578809577855281532e-06,5.567794200032949448e-03
6.560000000000000000e+02,5.565908850257983431e-06,5.565908850257983431e-06,2.309386618435382843e-03
6.570000000000000000e+02,5.553113169298740104e-06,5.553113169298740104e-06,5.558380857110023499e-03
6.580000000000000000e+02,5.540269285120302811e-06,5.540269285120302811e-06,2.244950737804174423e-03
6.590000000000000000e+02,5.526625500351656228e-06,5.526625500351656228e-06,5.691418889909982681e-03
6.600000000000000000e+02,5.513720680028200150e-06,5.513720680028200150e-06,2.394384704530239105e-03
6.610000000000000000e+02,5.501143277797382325e-06,5.501143277797382325e-06,5.158524960279464722e-03
6.620000000000000000e+02,5.488725946634076536e-06,5.488725946634076536e-06,2.330212388187646866e-03
6.630000000000000000e+02,5.475993930303957313e-06,5.475993930303957313e-06,5.756014492362737656e-03
6.640000000000000000e+02,5.463034995045745745e-06,5.463034995045745745e-06,2.313162665814161301e-03
6.650000000000000000e+02,5.450475327961612493e-06,5.450475327961612493e-06,5.639506503939628601e-03
6.660000000000000000e+02,5.437723757495405152e-06,5.437723757495405152e-06,2.236950676888227463e-03
6.670000000000000000e+02,5.424508344731293619e-06,5.424508344731293619e-06,5.617934744805097580e-03
6.680000000000000000e+02,5.411931851995177567e-06,5.411931851995177567e-06,2.350781112909317017e-03
6.690000000000000000e+02,5.399593646870926023e-06,5.399593646870926023e-06,5.001896526664495468e-03
6.700000000000000000e+02,5.387194960349006578e-06,5.387194960349006578e-06,2.488692523911595345e-03
6.710000000000000000e+02,5.374332886276533827e-06,5.374332886276533827e-06,5.051990039646625519e-03
6.720000000000000000e+02,5.361960120353614911e-06,5.361960120353614911e-06,2.460118150338530540e-03
6.730000000000000000e+02,5.349547791411168873e-06,5.349547791411168873e-06,4.542875103652477264e-03
6.740000000000000000e+02,5.336076355888508260e-06,5.336076355888508260e-06,2.585741458460688591e-03
6.750000000000000000e+02,5.322658580553252250e-06,5.322658580553252250e-06,4.235243424773216248e-03
6.760000000000000000e+02,5.307123501552268863e-06,5.307123501552268863e-06,2.675007097423076630e-03
6.770000000000000000e+02,5.292373316478915513e-06,5.292373316478915513e-06,4.080984741449356079e-03
6.780000000000000000e+02,5.275286639516707510e-06,5.275286639516707510e-06,2.775826025754213333e-03
6.790000000000000000e+02,5.259948920866008848e-06,5.259948920866008848e-06,3.866427578032016754e-03
6.800000000000000000e+02,5.238975973043125123e-06,5.238975973043125123e-06,3.065429627895355225e-03
6.810000000000000000e+02,5.218508704274427146e-06,5.218508704274427146e-06,4.041165113449096680e-03
6.820000000000000000e+02,5.201504336582729593e-06,5.201504336582729593e-06,2.808441873639822006e-03
6.830000000000000000e+02,5.184642304811859503e-06,5.184642304811859503e-06,4.349755588918924332e-03
6.840000000000000000e+02,5.170878011995228007e-06,5.170878011995228007e-06,2.707427833229303360e-03
6.850000000000000000e+02,5.156235602044034749e-06,5.156235602044034749e-06,3.815158270299434662e-03
6.860000000000000000e+02,5.135635547048877925e-06,5.135635547048877925e-06,3.266334533691406250e-03
6.870000000000000000e+02,5.111612153996247798e-06,5.111612153996247798e-06,3.881413722410798073e-03
6.880000000000000000e+02,5.093202616990311071e-06,5.093202616990311071e-06,2.894060686230659485e-03
6.890000000000000000e+02,5.076228717371122912e-06,5.076228717371122912e-06,3.570143831893801689e-03
6.900000000000000000e+02,5.048499588156118989e-06,5.048499588156118989e-06,3.654220607131719589e-03
6.910000000000000000e+02,5.020984644943382591e-06,5.020984644943382591e-06,3.013136098161339760e-03
6.920000000000000000e+02,4.849704964726697654e-06,4.849704964726697654e-06,1.495033316314220428e-02
6.930000000000000000e+02,4.684671694121789187e-06,4.684671694121789187e-06,3.069668542593717575e-03
6.940000000000000000e+02,4.659496426029363647e-06,4.659496426029363647e-06,2.706050872802734375e-03
6.950000000000000000e+02,4.639161488739773631e-06,4.639161488739773631e-06,4.137021489441394806e-03
6.960000000000000000e+02,4.625677775038639084e-06,4.625677775038639084e-06,2.918044105172157288e-03
6.970000000000000000e+02,4.612928023561835289e-06,4.612928023561835289e-06,3.875848837196826935e-03
6.980000000000000000e+02,4.598984105541603640e-06,4.598984105541603640e-06,2.601554151624441147e-03
6.990000000000000000e+02,4.584279395203338936e-06,4.584279395203338936e-06,3.816733369603753090e-03
7.000000000000000000e+02,4.569678367261076346e-06,4.569678367261076346e-06,2.548200543969869614e-03
7.010000000000000000e+02,4.556971362035255879e-06,4.556971362035255879e-06,4.210415296256542206e-03
7.020000000000000000e+02,4.545574938674690202e-06,4.545574938674690202e-06,2.405481180176138878e-03
7.030000000000000000e+02,4.533927494776435196e-06,4.533927494776435196e-06,3.951054066419601440e-03
7.040000000000000000e+02,4.521210030361544341e-06,4.521210030361544341e-06,2.573576755821704865e-03
7.050000000000000000e+02,4.508132406044751406e-06,4.508132406044751406e-06,3.940563183277845383e-03
7.060000000000000000e+02,4.495320354180876166e-06,4.495320354180876166e-06,2.461021067574620247e-03
7.070000000000000000e+02,4.483215889194980264e-06,4.483215889194980264e-06,4.204173572361469269e-03
7.080000000000000000e+02,4.472041837288998067e-06,4.472041837288998067e-06,2.407124731689691544e-03
7.090000000000000000e+02,4.460231139091774821e-06,4.460231139091774821e-06,4.135239403694868088e-03
7.100000000000000000e+02,4.448993422556668520e-06,4.448993422556668520e-06,2.392046852037310600e-03
7.110000000000000000e+02,4.437336428964044899e-06,4.437336428964044899e-06,4.066304303705692291e-03
7.120000000000000000e+02,4.425746737979352474e-06,4.425746737979352474e-06,2.317328238859772682e-03
7.130000000000000000e+02,4.414517206896562129e-06,4.414517206896562129e-06,3.997369203716516495e-03
7.140000000000000000e+02,4.402686954563250765e-06,4.402686954563250765e-06,2.302253386005759239e-03
7.150000000000000000e+02,4.391963557281997055e-06,4.391963557281997055e-06,3.964272327721118927e-03
7.160000000000000000e+02,4.380186055641388521e-06,4.380186055641388521e-06,2.287163864821195602e-03
7.170000000000000000e+02,4.369531779957469553e-06,4.369531779957469553e-06,3.954974003136157990e-03
7.180000000000000000e+02,4.357707894087070599e-06,4.357707894087070599e-06,2.431364264339208603e-03
7.190000000000000000e+02,4.345872184785548598e-06,4.345872184785548598e-06,4.111832939088344574e-03
7.200000000000000000e+02,4.334924142312956974e-06,4.334924142312956974e-06,2.387930871918797493e-03
7.210000000000000000e+02,4.323829671193379909e-06,4.323829671193379909e-06,3.971738740801811218e-03
7.220000000000000000e+02,4.312404598749708384e-06,4.312404598749708384e-06,2.277548192068934441e-03
7.230000000000000000e+02,4.301887202018406242e-06,4.301887202018406242e-06,3.831643611192703247e-03
7.240000000000000000e+02,4.289500338927609846e-06,4.289500338927609846e-06,2.487880643457174301e-03
7.250000000000000000e+02,4.277106199879199266e-06,4.277106199879199266e-06,3.821228863671422005e-03
7.260000000000000000e+02,4.264944436727091670e-06,4.264944436727091670e-06,2.387358108535408974e-03
7.270000000000000000e+02,4.253560291544999927e-06,4.253560291544999927e-06,3.430341137573122978e-03
7.280000000000000000e+02,4.235838332533603534e-06,4.235838332533603534e-06,2.944469451904296875e-03
7.290000000000000000e+02,4.216566594550386071e-06,4.216566594550386071e-06,3.581479191780090332e-03
7.300000000000000000e+02,4.201956471661105752e-06,4.201956471661105752e-06,2.594489837065339088e-03
7.310000000000000000e+02,4.187309968983754516e-06,4.187309968983754516e-06,3.378682537004351616e-03
7.320000000000000000e+02,4.168836312601342797e-06,4.168836312601342797e-06,2.758395159617066383e-03
7.330000000000000000e+02,4.152654582867398858e-06,4.152654582867398858e-06,3.042375436052680016e-03
7.340000000000000000e+02,4.116915079066529870e-06,4.116915079066529870e-06,4.954420030117034912e-03
7.350000000000000000e+02,4.083207841176772490e-06,4.083207841176772490e-06,2.905559726059436798e-03
7.360000000000000000e+02,4.032056949654361233e-06,4.032056949654361233e-06,7.095928303897380829e-03
7.370000000000000000e+02,3.979940629506018013e-06,3.979940629506018013e-06,2.372581744566559792e-03
7.380000000000000000e+02,3.761822881642729044e-06,3.761822881642729044e-06,1.424273196607828140e-02
7.390000000000000000e+02,3.554922614057431929e-06,3.554922614057431929e-06,1.610245904885232449e-03
7.400000000000000000e+02,3.541850219335174188e-06,3.541850219335174188e-06,4.713894799351692200e-03
7.410000000000000000e+02,3.532914888637606055e-06,3.532914888637606055e-06,1.851448090746998787e-03
7.420000000000000000e+02,3.522867473293445073e-06,3.522867473293445073e-06,5.644037388265132904e-03
7.430000000000000000e+02,3.512186594889499247e-06,3.512186594889499247e-06,1.691253390163183212e-03
7.440000000000000000e+02,3.503183961583999917e-06,3.503183961583999917e-06,4.754533059895038605e-03
7.450000000000000000e+02,3.494748398225056008e-06,3.494748398225056008e-06,1.877635717391967773e-03
7.460000000000000000e+02,3.486780769890174270e-06,3.486780769890174270e-06,4.449444822967052460e-03
7.470000000000000000e+02,3.478783582977484912e-06,3.478783582977484912e-06,1.754792523570358753e-03
7.480000000000000000e+02,3.469925331955892034e-06,3.469925331955892034e-06,4.834274761378765106e-03
7.490000000000000000e+02,3.461289452388882637e-06,3.461289452388882637e-06,1.655275817029178143e-03
7.500000000000000000e+02,3.450984650044119917e-06,3.450984650044119917e-06,6.003108806908130646e-03
7.510000000000000000e+02,3.439203737798379734e-06,3.439203737798379734e-06,1.757160178385674953e-03
7.520000000000000000e+02,3.430237256907275878e-06,3.430237256907275878e-06,5.386851727962493896e-03
7.530000000000000000e+02,3.420413122512400150e-06,3.420413122512400150e-06,1.573887537233531475e-03
7.540000000000000000e+02,3.405640200071502477e-06,3.405640200071502477e-06,6.659619510173797607e-03
7.550000000000000000e+02,3.391021436982555315e-06,3.391021436982555315e-06,1.542873913422226906e-03
7.560000000000000000e+02,3.375473625055747107e-06,3.375473625055747107e-06,7.025758735835552216e-03
7.570000000000000000e+02,3.359178663231432438e-06,3.359178663231432438e-06,1.662442926317453384e-03
7.580000000000000000e+02,3.331039806653279811e-06,3.331039806653279811e-06,8.810695260763168335e-03
7.590000000000000000e+02,3.304166284578968771e-06,3.304166284578968771e-06,1.934358268044888973e-03
7.600000000000000000e+02,3.228406285415985622e-06,3.228406285415985622e-06,1.290283352136611938e-02
7.610000000000000000e+02,3.148679752484895289e-06,3.148679752484895289e-06,2.329153940081596375e-03
7.620000000000000000e+02,3.135816768917720765e-06,3.135816768917720765e-06,1.860802876763045788e-03
7.630000000000000000e+02,3.124517661490244791e-06,3.124517661490244791e-06,3.453797195106744766e-03
7.640000000000000000e+02,3.114613264187937602e-06,3.114613264187937602e-06,1.652312115766108036e-03
7.650000000000000000e+02,3.106988060608273372e-06,3.106988060608273372e-06,3.875434864312410355e-03
7.660000000000000000e+02,3.099807599937776104e-06,3.099807599937776104e-06,1.815374358557164669e-03
7.670000000000000000e+02,3.092652605118928477e-06,3.092652605118928477e-06,3.832676447927951813e-03
7.680000000000000000e+02,3.085634489252697676e-06,3.085634489252697676e-06,1.906957244500517845e-03
7.690000000000000000e+02,3.078152076341211796e-06,3.078152076341211796e-06,3.825525287538766861e-03
7.700000000000000000e+02,3.071064611503970809e-06,3.071064611503970809e-06,1.867638202384114265e-03
7.710000000000000000e+02,3.063992608076659963e-06,3.063992608076659963e-06,3.401803085580468178e-03
7.720000000000000000e+02,3.056161631320719607e-06,3.056161631320719607e-06,2.075308468192815781e-03
7.730000000000000000e+02,3.047376821996294893e-06,3.047376821996294893e-06,3.381693037226796150e-03
7.740000000000000000e+02,3.039602688659215346e-06,3.039602688659215346e-06,1.929550431668758392e-03
7.750000000000000000e+02,3.032100266864290461e-06,3.032100266864290461e-06,3.159774700179696083e-03
7.760000000000000000e+02,3.023037606908474118e-06,3.023037606908474118e-06,2.247510710731148720e-03
7.770000000000000000e+02,3.012622300957445987e-06,3.012622300957445987e-06,3.292954061180353165e-03
7.780000000000000000e+02,3.004462087119463831e-06,3.004462087119463831e-06,2.004810608923435211e-03
7.790000000000000000e+02,2.996139301103539765e-06,2.996139301103539765e-06,3.201425075531005859e-03
7.800000000000000000e+02,2.987473408211371861e-06,2.987473408211371861e-06,2.012399258092045784e-03
7.810000000000000000e+02,2.979402324854163453e-06,2.979402324854163453e-06,2.919135615229606628e-03
7.820000000000000000e+02,2.967633008665870875e-06,2.967633008665870875e-06,2.165911719202995300e-03
7.830000000000000000e+02,2.957456217700382695e-06,2.957456217700382695e-06,3.170071868225932121e-03
7.840000000000000000e+02,2.948964265669928864e-06,2.948964265669928864e-06,2.097310964018106461e-03
7.850000000000000000e+02,2.939760634035337716e-06,2.939760634035337716e-06,2.803843701258301735e-03
7.860000000000000000e+02,2.926372189904213883e-06,2.926372189904213883e-06,2.641954924911260605e-03
7.870000000000000000e+02,2.911327328547486104e-06,2.911327328547486104e-06,2.753688720986247063e-03
7.880000000000000000e+02,2.897149443015223369e-06,2.897149443015223369e-06,2.360343933105468750e-03
7.890000000000000000e+02,2.884745754272444174e-06,2.884745754272444174e-06,3.287995466962456703e-03
7.900000000000000000e+02,2.877291990444064140e-06,2.877291990444064140e-06,1.959643093869090080e-03
7.910000000000000000e+02,2.869405761884991080e-06,2.869405761884991080e-06,3.161058528348803520e-03
7.920000000000000000e+02,2.861412667698459700e-06,2.861412667698459700e-06,2.026924164965748787e-03
7.930000000000000000e+02,2.853194473573239520e-06,2.853194473573239520e-06,2.938415855169296265e-03
7.940000000000000000e+02,2.843302354449406266e-06,2.843302354449406266e-06,2.241134643554687500e-03
7.950000000000000000e+02,2.832177870004670694e-06,2.832177870004670694e-06,3.284861566498875618e-03
7.960000000000000000e+02,2.824947159751900472e-06,2.824947159751900472e-06,1.886364305391907692e-03
7.970000000000000000e+02,2.817615495587233454e-06,2.817615495587233454e-06,3.194009186699986458e-03
7.980000000000000000e+02,2.810115120155387558e-06,2.810115120155387558e-06,1.838791766203939915e-03
7.990000000000000000e+02,2.803096776915481314e-06,2.803096776915481314e-06,3.150770673528313637e-03
8.000000000000000000e+02,2.795489763229852542e-06,2.795489763229852542e-06,1.937901717610657215e-03
8.010000000000000000e+02,2.787858420560951345e-06,2.787858420560951345e-06,3.285781480371952057e-03
8.020000000000000000e+02,2.780867134788422845e-06,2.780867134788422845e-06,1.856918679550290108e-03
8.030000000000000000e+02,2.773675987555179745e-06,2.773675987555179745e-06,3.111704019829630852e-03
8.040000000000000000e+02,2.765933459158986807e-06,2.765933459158986807e-06,1.977400854229927063e-03
8.050000000000000000e+02,2.757658876362256706e-06,2.757658876362256706e-06,3.103359136730432510e-03
8.060000000000000000e+02,2.749994791884091683e-06,2.749994791884091683e-06,1.937593566253781319e-03
8.070000000000000000e+02,2.742527158261509612e-06,2.742527158261509612e-06,2.773917047306895256e-03
8.080000000000000000e+02,2.731312861214973964e-06,2.731312861214973964e-06,2.372264862060546875e-03
8.090000000000000000e+02,2.718638370424741879e-06,2.718638370424741879e-06,2.844742266461253166e-03
8.100000000000000000e+02,2.709064801820204593e-06,2.709064801820204593e-06,2.164197852835059166e-03
8.110000000000000000e+02,2.699706556086312048e-06,2.699706556086312048e-06,2.656116848811507225e-03
8.120000000000000000e+02,2.686636889848159626e-06,2.686636889848159626e-06,2.408027648925781250e-03
8.130000000000000000e+02,2.673846665857126936e-06,2.673846665857126936e-06,2.535251434892416000e-03
8.140000000000000000e+02,2.657082632140372880e-06,2.657082632140372880e-06,2.599294297397136688e-03
8.150000000000000000e+02,2.642862909851828590e-06,2.642862909851828590e-06,2.542604692280292511e-03
8.160000000000000000e+02,2.627026788104558364e-06,2.627026788104558364e-06,2.771816914901137352e-03
8.170000000000000000e+02,2.612177240735036321e-06,2.612177240735036321e-06,2.609648741781711578e-03
8.180000000000000000e+02,2.599135086711612530e-06,2.599135086711612530e-06,2.610545139759778976e-03
8.190000000000000000e+02,2.585141601230134256e-06,2.585141601230134256e-06,2.988080494105815887e-03
8.200000000000000000e+02,2.577800614744774066e-06,2.577800614744774066e-06,1.901994808577001095e-03
8.210000000000000000e+02,2.570061496953712776e-06,2.570061496953712776e-06,3.027624450623989105e-03
8.220000000000000000e+02,2.563199814176186919e-06,2.563199814176186919e-06,1.921874005347490311e-03
8.230000000000000000e+02,2.555702394602121785e-06,2.555702394602121785e-06,2.733984496444463730e-03
8.240000000000000000e+02,2.546279802118078806e-06,2.546279802118078806e-06,2.047787886112928391e-03
8.250000000000000000e+02,2.536868805691483431e-06,2.536868805691483431e-06,2.950084628537297249e-03
8.260000000000000000e+02,2.529692665120819584e-06,2.529692665120819584e-06,1.959907356649637222e-03
8.270000000000000000e+02,2.521611349948216230e-06,2.521611349948216230e-06,2.548688789829611778e-03
8.280000000000000000e+02,2.508835450498736463e-06,2.508835450498736463e-06,2.288818359375000000e-03
8.290000000000000000e+02,2.497188688721507788e-06,2.497188688721507788e-06,2.511557890102267265e-03
8.300000000000000000e+02,2.483810931153129786e-06,2.483810931153129786e-06,3.070499747991561890e-03
8.310000000000000000e+02,2.467867034283699468e-06,2.467867034283699468e-06,2.602554624900221825e-03
8.320000000000000000e+02,2.457629761920543388e-06,2.457629761920543388e-06,2.026557922363281250e-03
8.330000000000000000e+02,2.448306304358993657e-06,2.448306304358993657e-06,2.758587710559368134e-03
8.340000000000000000e+02,2.440123580527142622e-06,2.440123580527142622e-06,2.125148894265294075e-03
8.350000000000000000e+02,2.431759639875963330e-06,2.431759639875963330e-06,2.463475801050662994e-03
8.360000000000000000e+02,2.418444637442007661e-06,2.418444637442007661e-06,3.085413714870810509e-03
8.370000000000000000e+02,2.402667632850352675e-06,2.402667632850352675e-06,2.745081903412938118e-03
8.380000000000000000e+02,2.394980583630967885e-06,2.394980583630967885e-06,2.147331833839416504e-03
8.390000000000000000e+02,2.386322648817440495e-06,2.386322648817440495e-06,2.402347512543201447e-03
8.400000000000000000e+02,2.371801883782609366e-06,2.371801883782609366e-06,2.766774268820881844e-03
8.410000000000000000e+02,2.357677658437751234e-06,2.357677658437751234e-06,2.636455465108156204e-03
8.420000000000000000e+02,2.349053829675540328e-06,2.349053829675540328e-06,2.006505848839879036e-03
8.430000000000000000e+02,2.341628032809239812e-06,2.341628032809239812e-06,2.377188298851251602e-03
8.440000000000000000e+02,2.327235961274709553e-06,2.327235961274709553e-06,2.686247462406754494e-03
8.450000000000000000e+02,2.313677441634354182e-06,2.313677441634354182e-06,2.647268585860729218e-03
8.460000000000000000e+02,2.305650468770181760e-06,2.305650468770181760e-06,2.104294952005147934e-03
8.470000000000000000e+02,2.297974333487218246e-06,2.297974333487218246e-06,2.376197371631860733e-03
8.480000000000000000e+02,2.284600213897647336e-06,2.284600213897647336e-06,2.831785706803202629e-03
8.490000000000000000e+02,2.270485538247157820e-06,2.270485538247157820e-06,2.658320590853691101e-03
8.500000000000000000e+02,2.262786892970325425e-06,2.262786892970325425e-06,2.023241948336362839e-03
8.510000000000000000e+02,2.255064373457571492e-06,2.255064373457571492e-06,2.339594531804323196e-03
8.520000000000000000e+02,2.241730726382229477e-06,2.241730726382229477e-06,2.750716870650649071e-03
8.530000000000000000e+02,2.227982349722879007e-06,2.227982349722879007e-06,2.609949558973312378e-03
8.540000000000000000e+02,2.220315764134284109e-06,2.220315764134284109e-06,2.061501611024141312e-03
8.550000000000000000e+02,2.212822892033727840e-06,2.212822892033727840e-06,2.327072201296687126e-03
8.560000000000000000e+02,2.199798473156988621e-06,2.199798473156988621e-06,2.729054773226380348e-03
8.570000000000000000e+02,2.186298843298573047e-06,2.186298843298573047e-06,2.561785979196429253e-03
8.580000000000000000e+02,2.178434442612342536e-06,2.178434442612342536e-06,1.920924638397991657e-03
8.590000000000000000e+02,2.171450660171103664e-06,2.171450660171103664e-06,2.314788056537508965e-03
8.600000000000000000e+02,2.158842107746750116e-06,2.158842107746750116e-06,2.778572263196110725e-03
8.610000000000000000e+02,2.145563030353514478e-06,2.145563030353514478e-06,2.597335493192076683e-03
8.620000000000000000e+02,2.138571517207310535e-06,2.138571517207310535e-06,1.875812537036836147e-03
8.630000000000000000e+02,2.131058636223315261e-06,2.131058636223315261e-06,2.314752433449029922e-03
8.640000000000000000e+02,2.119359123753383756e-06,2.119359123753383756e-06,2.237707842141389847e-03
8.650000000000000000e+02,2.108361059072194621e-06,2.108361059072194621e-06,2.360823564231395721e-03
8.660000000000000000e+02,2.098268396366620436e-06,2.098268396366620436e-06,2.046826761215925217e-03
8.670000000000000000e+02,2.088949258904904127e-06,2.088949258904904127e-06,2.051295014098286629e-03
8.680000000000000000e+02,2.060360657196724787e-06,2.060360657196724787e-06,4.867993760854005814e-03
8.690000000000000000e+02,2.034989847743418068e-06,2.034989847743418068e-06,1.852112822234630585e-03
8.700000000000000000e+02,1.902581402646319475e-06,1.902581402646319475e-06,1.116136182099580765e-02
8.710000000000000000e+02,1.784111873348592781e-06,1.784111873348592781e-06,2.926514716818928719e-03
8.720000000000000000e+02,1.774087877493002452e-06,1.774087877493002452e-06,1.945572323165833950e-03
8.730000000000000000e+02,1.769203549883968662e-06,1.769203549883968662e-06,3.018142189830541611e-03
8.740000000000000000e+02,1.764947910487535410e-06,1.764947910487535410e-06,1.464889384806156158e-03
8.750000000000000000e+02,1.760791974447784014e-06,1.760791974447784014e-06,2.822758164256811142e-03
8.760000000000000000e+02,1.756778601702535525e-06,1.756778601702535525e-06,1.461721956729888916e-03
8.770000000000000000e+02,1.752471007421263494e-06,1.752471007421263494e-06,2.448255894705653191e-03
8.780000000000000000e+02,1.747515284478140529e-06,1.747515284478140529e-06,1.613066764548420906e-03
8.790000000000000000e+02,1.742292283779534046e-06,1.742292283779534046e-06,2.584641333669424057e-03
8.800000000000000000e+02,1.737894194775435608e-06,1.737894194775435608e-06,1.456166268326342106e-03
8.810000000000000000e+02,1.733542603687965311e-06,1.733542603687965311e-06,2.602734137326478958e-03
8.820000000000000000e+02,1.729198402244946919e-06,1.729198402244946919e-06,1.464212778955698013e-03
8.830000000000000000e+02,1.725007905406528153e-06,1.725007905406528153e-06,2.632867079228162766e-03
8.840000000000000000e+02,1.720797627058345824e-06,1.720797627058345824e-06,1.473310985602438450e-03
8.850000000000000000e+02,1.716555175335088279e-06,1.716555175335088279e-06,2.520084381103515625e-03
8.860000000000000000e+02,1.712029529699066188e-06,1.712029529699066188e-06,1.473118900321424007e-03
8.870000000000000000e+02,1.707541741780005395e-06,1.707541741780005395e-06,2.561753615736961365e-03
8.880000000000000000e+02,1.703275415820826311e-06,1.703275415820826311e-06,1.506474451161921024e-03
8.890000000000000000e+02,1.698707364994334057e-06,1.698707364994334057e-06,2.663093153387308121e-03
8.900000000000000000e+02,1.694685579423094168e-06,1.694685579423094168e-06,1.452445983886718750e-03
8.910000000000000000e+02,1.690480189608933870e-06,1.690480189608933870e-06,2.661311067640781403e-03
8.920000000000000000e+02,1.686470682216167916e-06,1.686470682216167916e-06,1.354429521597921848e-03
8.930000000000000000e+02,1.682598167462856509e-06,1.682598167462856509e-06,2.795282285660505295e-03
8.940000000000000000e+02,1.678691319284553174e-06,1.678691319284553174e-06,1.327904989011585712e-03
8.950000000000000000e+02,1.674796067163697444e-06,1.674796067163697444e-06,2.551833167672157288e-03
8.960000000000000000e+02,1.670646042839507572e-06,1.670646042839507572e-06,1.467941910959780216e-03
8.970000000000000000e+02,1.666251250753703061e-06,1.666251250753703061e-06,2.474665641784667969e-03
8.980000000000000000e+02,1.661860437707218807e-06,1.661860437707218807e-06,1.412055687978863716e-03
8.990000000000000000e+02,1.657740995142376050e-06,1.657740995142376050e-06,2.373682567849755287e-03
9.000000000000000000e+02,1.652920786909817252e-06,1.652920786909817252e-06,1.521268161013722420e-03
9.010000000000000000e+02,1.648194597692054231e-06,1.648194597692054231e-06,2.367245033383369446e-03
9.020000000000000000e+02,1.643362111281021498e-06,1.643362111281021498e-06,1.470425864681601524e-03
9.030000000000000000e+02,1.639017455090652220e-06,1.639017455090652220e-06,2.503938274458050728e-03
9.040000000000000000e+02,1.634844466025242582e-06,1.634844466025242582e-06,1.440401072613894939e-03
9.050000000000000000e+02,1.630571432542637922e-06,1.630571432542637922e-06,2.498216228559613228e-03
9.060000000000000000e+02,1.626418111300154123e-06,1.626418111300154123e-06,1.438093371689319611e-03
9.070000000000000000e+02,1.622149966351571493e-06,1.622149966351571493e-06,2.492494415491819382e-03
9.080000000000000000e+02,1.618081341803190298e-06,1.618081341803190298e-06,1.435784273780882359e-03
9.090000000000000000e+02,1.613746007933514193e-06,1.613746007933514193e-06,2.486772602424025536e-03
9.100000000000000000e+02,1.609683522474369965e-06,1.609683522474369965e-06,1.433473778888583183e-03
9.110000000000000000e+02,1.605356828804360703e-06,1.605356828804360703e-06,2.481050556525588036e-03
9.120000000000000000e+02,1.601287749508628622e-06,1.601287749508628622e-06,1.407332951202988625e-03
9.130000000000000000e+02,1.597141704223759007e-06,1.597141704223759007e-06,2.487368881702423096e-03
9.140000000000000000e+02,1.593182332726428285e-06,1.593182332726428285e-06,1.464691362343728542e-03
9.150000000000000000e+02,1.588999793966650032e-06,1.588999793966650032e-06,2.517476910725235939e-03
9.160000000000000000e+02,1.585103746037930250e-06,1.585103746037930250e-06,1.402431633323431015e-03
9.170000000000000000e+02,1.581093897584651131e-06,1.581093897584651131e-06,2.273808699101209641e-03
9.180000000000000000e+02,1.576269823999609798e-06,1.576269823999609798e-06,1.529943081550300121e-03
9.190000000000000000e+02,1.571069105921196751e-06,1.571069105921196751e-06,2.266894094645977020e-03
9.200000000000000000e+02,1.566362243465846404e-06,1.566362243465846404e-06,1.538555487059056759e-03
9.210000000000000000e+02,1.561667659188969992e-06,1.561667659188969992e-06,2.081703860312700272e-03
9.220000000000000000e+02,1.554993104946333915e-06,1.554993104946333915e-06,1.692771911621093750e-03
9.230000000000000000e+02,1.548496697978407610e-06,1.548496697978407610e-06,2.012970158830285072e-03
9.240000000000000000e+02,1.541015990369487554e-06,1.541015990369487554e-06,1.752376556396484375e-03
9.250000000000000000e+02,1.534115313006623182e-06,1.534115313006623182e-06,1.800384605303406715e-03
9.260000000000000000e+02,1.516484189778566360e-06,1.516484189778566360e-06,3.492715302854776382e-03
9.270000000000000000e+02,1.501906126577523537e-06,1.501906126577523537e-06,1.896761008538305759e-03
9.280000000000000000e+02,1.493024456067360006e-06,1.493024456067360006e-06,1.919269561767578125e-03
9.290000000000000000e+02,1.485055008743074723e-06,1.485055008743074723e-06,1.765829976648092270e-03
9.300000000000000000e+02,1.467210722694289871e-06,1.467210722694289871e-06,4.447426646947860718e-03
9.310000000000000000e+02,1.446825535822426900e-06,1.446825535822426900e-06,1.475666882470250130e-03
9.320000000000000000e+02,1.434704358871385921e-06,1.434704358871385921e-06,2.677754499018192291e-03
9.330000000000000000e+02,1.424195943400263786e-06,1.424195943400263786e-06,2.627533162012696266e-03
9.340000000000000000e+02,1.420720536771113984e-06,1.420720536771113984e-06,1.199738238938152790e-03
9.350000000000000000e+02,1.417283556293114088e-06,1.417283556293114088e-06,2.670063171535730362e-03
9.360000000000000000e+02,1.414048938386258669e-06,1.414048938386258669e-06,1.197537174448370934e-03
9.370000000000000000e+02,1.410908225807361305e-06,1.410908225807361305e-06,2.748787635937333107e-03
9.380000000000000000e+02,1.407681793352821842e-06,1.407681793352821842e-06,1.195091987028717995e-03
9.390000000000000000e+02,1.404552108397183474e-06,1.404552108397183474e-06,2.827512566000223160e-03
9.400000000000000000e+02,1.401249051014019642e-06,1.401249051014019642e-06,1.133197918534278870e-03
9.410000000000000000e+02,1.398007498210063204e-06,1.398007498210063204e-06,2.679816214367747307e-03
9.420000000000000000e+02,1.394750029248825740e-06,1.394750029248825740e-06,1.178411999717354774e-03
9.430000000000000000e+02,1.391653768223477527e-06,1.391653768223477527e-06,2.544159535318613052e-03
9.440000000000000000e+02,1.388408463753876276e-06,1.388408463753876276e-06,1.199796795845031738e-03
9.450000000000000000e+02,1.385179416502069216e-06,1.385179416502069216e-06,2.587026683613657951e-03
9.460000000000000000e+02,1.382021537210675888e-06,1.382021537210675888e-06,1.137896906584501266e-03
9.470000000000000000e+02,1.378776801175263245e-06,1.378776801175263245e-06,2.868094481527805328e-03
9.480000000000000000e+02,1.375582314722123556e-06,1.375582314722123556e-06,1.159281935542821884e-03
9.490000000000000000e+02,1.372456381432130001e-06,1.372456381432130001e-06,2.803890500217676163e-03
9.500000000000000000e+02,1.369288156638504006e-06,1.369288156638504006e-06,1.121218083426356316e-03
9.510000000000000000e+02,1.366001242786296643e-06,1.366001242786296643e-06,2.846782794222235680e-03
9.520000000000000000e+02,1.362848365715763066e-06,1.362848365715763066e-06,1.178222824819386005e-03
9.530000000000000000e+02,1.359715497528668493e-06,1.359715497528668493e-06,2.496717032045125961e-03
9.540000000000000000e+02,1.356606844638008624e-06,1.356606844638008624e-06,1.247268170118331909e-03
9.550000000000000000e+02,1.353322886643582024e-06,1.353322886643582024e-06,2.539584878832101822e-03
9.560000000000000000e+02,1.350267893940326758e-06,1.350267893940326758e-06,1.256864285096526146e-03
9.570000000000000000e+02,1.347068064205814153e-06,1.347068064205814153e-06,2.308654366061091423e-03
9.580000000000000000e+02,1.343707253909087740e-06,1.343707253909087740e-06,1.301835873164236546e-03
9.590000000000000000e+02,1.340225480817025527e-06,1.340225480817025527e-06,2.172517823055386543e-03
9.600000000000000000e+02,1.336482000624528155e-06,1.336482000624528155e-06,1.394229242578148842e-03
9.610000000000000000e+02,1.332587999058887362e-06,1.332587999058887362e-06,2.142977667972445488e-03
9.620000000000000000e+02,1.328766870756226126e-06,1.328766870756226126e-06,1.343631302006542683e-03
9.630000000000000000e+02,1.325044877376058139e-06,1.325044877376058139e-06,2.041959203779697418e-03
9.640000000000000000e+02,1.320829937867529225e-06,1.320829937867529225e-06,1.423991168849170208e-03
9.650000000000000000e+02,1.317015062340942677e-06,1.317015062340942677e-06,1.928685698658227921e-03
9.660000000000000000e+02,1.311761820943502244e-06,1.311761820943502244e-06,1.633167266845703125e-03
9.670000000000000000e+02,1.305679234064882621e-06,1.305679234064882621e-06,1.896283356472849846e-03
9.680000000000000000e+02,1.300189069297630340e-06,1.300189069297630340e-06,1.522795995697379112e-03
9.690000000000000000e+02,1.295190259043010883e-06,1.295190259043010883e-06,1.626127050258219242e-03
9.700000000000000000e+02,1.278927697967446875e-06,1.278927697967446875e-06,4.144285339862108231e-03
9.710000000000000000e+02,1.261276111108600162e-06,1.261276111108600162e-06,1.600202871486544609e-03
9.720000000000000000e+02,1.246844931301893666e-06,1.246844931301893666e-06,3.156781895086169243e-03
9.730000000000000000e+02,1.233542320733249653e-06,1.233542320733249653e-06,1.887702033855021000e-03
9.740000000000000000e+02,1.229489839715824928e-06,1.229489839715824928e-06,1.072883605957031250e-03
9.750000000000000000e+02,1.225983169206301682e-06,1.225983169206301682e-06,2.168513368815183640e-03
9.760000000000000000e+02,1.222934997713309713e-06,1.222934997713309713e-06,1.317911082878708839e-03
9.770000000000000000e+02,1.219614432557136752e-06,1.219614432557136752e-06,2.234940882772207260e-03
9.780000000000000000e+02,1.216700638906331733e-06,1.216700638906331733e-06,1.216387026943266392e-03
9.790000000000000000e+02,1.213689643009274732e-06,1.213689643009274732e-06,2.313670236617326736e-03
9.800000000000000000e+02,1.210944560625648592e-06,1.210944560625648592e-06,1.202150247991085052e-03
9.810000000000000000e+02,1.207927539326192345e-06,1.207927539326192345e-06,2.190045081079006195e-03
9.820000000000000000e+02,1.204927457365556620e-06,1.204927457365556620e-06,1.199715305119752884e-03
9.830000000000000000e+02,1.201988879984128289e-06,1.201988879984128289e-06,2.411712426692247391e-03
9.840000000000000000e+02,1.199271537188906223e-06,1.199271537188906223e-06,1.126021496020257473e-03
9.850000000000000000e+02,1.196440621242800262e-06,1.196440621242800262e-06,2.419200725853443146e-03
9.860000000000000000e+02,1.193690422951476648e-06,1.193690422951476648e-06,1.052333274856209755e-03
9.870000000000000000e+02,1.190943862638960127e-06,1.190943862638960127e-06,2.712565939873456955e-03
9.880000000000000000e+02,1.188108626593020745e-06,1.188108626593020745e-06,1.061932998709380627e-03
9.890000000000000000e+02,1.185362407341017388e-06,1.185362407341017388e-06,2.624777378514409065e-03
9.900000000000000000e+02,1.182629148388514295e-06,1.182629148388514295e-06,1.071776845492422581e-03
9.910000000000000000e+02,1.179829496322781779e-06,1.179829496322781779e-06,2.656108001247048378e-03
9.920000000000000000e+02,1.177018248199601658e-06,1.177018248199601658e-06,1.069331075996160507e-03
9.930000000000000000e+02,1.174374915535736363e-06,1.174374915535736363e-06,2.270661061629652977e-03
9.940000000000000000e+02,1.171627900475868955e-06,1.171627900475868955e-06,1.138632651418447495e-03
9.950000000000000000e+02,1.168884637081646360e-06,1.168884637081646360e-06,2.206690609455108643e-03
9.960000000000000000e+02,1.166092488347203471e-06,1.166092488347203471e-06,1.172058167867362499e-03
9.970000000000000000e+02,1.163244860435952432e-06,1.163244860435952432e-06,2.178341383114457130e-03
9.980000000000000000e+02,1.160396550403675064e-06,1.160396550403675064e-06,1.133997226133942604e-03
9.990000000000000000e+02,1.157733436230046209e-06,1.157733436230046209e-06,2.376431133598089218e-03
1.000000000000000000e+03,1.155116024165181443e-06,1.155116024165181443e-06,1.155632431618869305e-03
1.001000000000000000e+03,1.152419372374424711e-06,1.152419372374424711e-06,2.276839222759008408e-03
1.002000000000000000e+03,1.149746367445914075e-06,1.149746367445914075e-06,1.165227615274488926e-03
1.003000000000000000e+03,1.146836666521267034e-06,1.146836666521267034e-06,2.177008660510182381e-03
1.004000000000000000e+03,1.144146722253935877e-06,1.144146722253935877e-06,1.115370658226311207e-03
1.005000000000000000e+03,1.141528628068044782e-06,1.141528628068044782e-06,2.315658144652843475e-03
1.006000000000000000e+03,1.138902234743000008e-06,1.138902234743000008e-06,1.113175414502620697e-03
1.007000000000000000e+03,1.136210244112589862e-06,1.136210244112589862e-06,2.192267915233969688e-03
1.008000000000000000e+03,1.133486193793942221e-06,1.133486193793942221e-06,1.122776535339653492e-03
1.009000000000000000e+03,1.130802274929010309e-06,1.130802274929010309e-06,2.104477025568485260e-03
1.010000000000000000e+03,1.127935092881671153e-06,1.127935092881671153e-06,1.156208687461912632e-03
1.011000000000000000e+03,1.125128164858324453e-06,1.125128164858324453e-06,1.944987219758331776e-03
1.012000000000000000e+03,1.121827381211915053e-06,1.121827381211915053e-06,1.248849788680672646e-03
1.013000000000000000e+03,1.118700993174570613e-06,1.118700993174570613e-06,1.987381838262081146e-03
1.014000000000000000e+03,1.115661120820732322e-06,1.115661120820732322e-06,1.234371215105056763e-03
1.015000000000000000e+03,1.112552240556397010e-06,1.112552240556397010e-06,1.767831388860940933e-03
1.016000000000000000e+03,1.108105834646266885e-06,1.108105834646266885e-06,1.406669616699218750e-03
1.017000000000000000e+03,1.103729005080822390e-06,1.103729005080822390e-06,1.498396159149706364e-03
1.018000000000000000e+03,1.089097963813401293e-06,1.089097963813401293e-06,3.650489728897809982e-03
1.019000000000000000e+03,1.075066847988637164e-06,1.075066847988637164e-06,1.379267079755663872e-03
1.020000000000000000e+03,1.054728159033402335e-06,1.054728159033402335e-06,3.355690278112888336e-03
1.021000000000000000e+03,1.035154809869709425e-06,1.035154809869709425e-06,2.297801664099097252e-03
1.022000000000000000e+03,1.031837086884479504e-06,1.031837086884479504e-06,1.043996191583573818e-03
1.023000000000000000e+03,1.029400891638942994e-06,1.029400891638942994e-06,2.532021142542362213e-03
1.024000000000000000e+03,1.026920017466181889e-06,1.026920017466181889e-06,1.017972012050449848e-03
1.025000000000000000e+03,1.024590346787590533e-06,1.024590346787590533e-06,2.432685345411300659e-03
1.026000000000000000e+03,1.022192918753717095e-06,1.022192918753717095e-06,9.563252096995711327e-04
1.027000000000000000e+03,1.019719775285921060e-06,1.019719775285921060e-06,2.416593022644519806e-03
1.028000000000000000e+03,1.017314161799731664e-06,1.017314161799731664e-06,1.001795404590666294e-03
1.029000000000000000e+03,1.015090106193383690e-06,1.015090106193383690e-06,2.114865463227033615e-03
1.030000000000000000e+03,1.012681650536251254e-06,1.012681650536251254e-06,1.059306086972355843e-03
1.031000000000000000e+03,1.010374035104177892e-06,1.010374035104177892e-06,2.110812813043594360e-03
1.032000000000000000e+03,1.007964783639181405e-06,1.007964783639181405e-06,1.080945250578224659e-03
1.033000000000000000e+03,1.005521653496543877e-06,1.005521653496543877e-06,2.047098241746425629e-03
1.034000000000000000e+03,1.003129682430881076e-06,1.003129682430881076e-06,1.078996690921485424e-03
1.035000000000000000e+03,1.000849806587211788e-06,1.000849806587211788e-06,2.162151504307985306e-03
1.036000000000000000e+03,9.985478754970245063e-07,9.985478754970245063e-07,1.065013231709599495e-03
1.037000000000000000e+03,9.963089269149350002e-07,9.963089269149350002e-07,2.027190756052732468e-03
1.038000000000000000e+03,9.938887615135172382e-07,9.938887615135172382e-07,1.074856263585388660e-03
1.039000000000000000e+03,9.915395366988377646e-07,9.915395366988377646e-07,2.249331213533878326e-03
1.040000000000000000e+03,9.893038850350421853e-07,9.893038850350421853e-07,9.775764774531126022e-04
1.041000000000000000e+03,9.869354471447877586e-07,9.869354471447877586e-07,2.412048634141683578e-03
1.042000000000000000e+03,9.846362445387057960e-07,9.846362445387057960e-07,1.011256361380219460e-03
