iteration,objective,objective_gap,gradient_norm
0.000000000000000000e+00,1.919200000000000000e+04,1.919200000000000000e+04,1.639712560176325496e+04
1.000000000000000000e+00,7.427890102322217899e+03,7.427890102322217899e+03,7.862024706793726182e+03
2.000000000000000000e+00,2.309837815374270576e+03,2.309837815374270576e+03,3.263995819252181718e+03
3.000000000000000000e+00,7.134596813971280653e+02,7.134596813971280653e+02,1.282983866232182436e+03
4.000000000000000000e+00,2.514300786356476465e+02,2.514300786356476465e+02,5.580480324679742807e+02
5.000000000000000000e+00,8.759535927342756167e+01,8.759535927342756167e+01,2.285579651705948265e+02
6.000000000000000000e+00,3.683613916759646401e+01,3.683613916759646401e+01,7.533622858384907772e+01
7.000000000000000000e+00,2.782914227946283958e+01,2.782914227946283958e+01,2.576705967332887681e+01
8.000000000000000000e+00,2.758029133000080080e+01,2.758029133000080080e+01,2.533257772520192219e+01
9.000000000000000000e+00,2.758029133000080080e+01,2.758029133000080080e+01,2.533257772520192219e+01
1.000000000000000000e+01,2.587652175697436263e+01,2.587652175697436263e+01,2.358490627548505714e+01
1.100000000000000000e+01,2.587652175697436263e+01,2.587652175697436263e+01,2.358490627548505714e+01
1.200000000000000000e+01,2.224776949192684938e+01,2.224776949192684938e+01,2.367907857887058753e+01
1.300000000000000000e+01,1.219775880817089408e+01,1.219775880817089408e+01,1.589643070279659831e+01
1.400000000000000000e+01,1.074217497275477839e+01,1.074217497275477839e+01,3.912205388330333022e+01
1.500000000000000000e+01,1.020415871182892609e+01,1.020415871182892609e+01,2.754386194678105682e+01
1.600000000000000000e+01,9.626989654893433723e+00,9.626989654893433723e+00,1.092122508171289041e+01
1.700000000000000000e+01,9.626989654893433723e+00,9.626989654893433723e+00,1.092122508171289041e+01
1.800000000000000000e+01,9.421186653563619728e+00,9.421186653563619728e+00,9.802176462224267084e+00
1.900000000000000000e+01,9.421186653563619728e+00,9.421186653563619728e+00,9.802176462224267084e+00
2.000000000000000000e+01,8.867593131395258510e+00,8.867593131395258510e+00,2.341316703100650898e+01
2.100000000000000000e+01,8.867593131395258510e+00,8.867593131395258510e+00,2.341316703100650898e+01
2.200000000000000000e+01,8.510393157197826852e+00,8.510393157197826852e+00,6.127433113357045436e+00
2.300000000000000000e+01,7.976189776677819587e+00,7.976189776677819587e+00,3.098195171779970725e+00
2.400000000000000000e+01,7.963129902999363630e+00,7.963129902999363630e+00,3.912483175123771417e+00
2.500000000000000000e+01,7.950919614449740713e+00,7.950919614449740713e+00,2.581814682600664046e+00
2.600000000000000000e+01,7.940814865795752908e+00,7.940814865795752908e+00,3.205021491063456907e+00
2.700000000000000000e+01,7.932325097038667394e+00,7.932325097038667394e+00,2.285281174921478531e+00
2.800000000000000000e+01,7.925070613851662671e+00,7.925070613851662671e+00,2.766162220982817832e+00
2.900000000000000000e+01,7.918752699032290288e+00,7.918752699032290288e+00,1.989851352043208843e+00
3.000000000000000000e+01,7.913308647574335275e+00,7.913308647574335275e+00,2.398331504026071759e+00
3.100000000000000000e+01,7.908565616123150122e+00,7.908565616123150122e+00,1.733392763553166072e+00
3.200000000000000000e+01,7.904463813123316918e+00,7.904463813123316918e+00,2.083532765724747104e+00
3.300000000000000000e+01,7.900889429422361943e+00,7.900889429422361943e+00,1.509821932253017307e+00
3.400000000000000000e+01,7.897790471175416549e+00,7.897790471175416549e+00,1.812683069675633085e+00
3.500000000000000000e+01,7.895090341697319936e+00,7.895090341697319936e+00,1.311116130830393578e+00
3.600000000000000000e+01,7.892735774502238399e+00,7.892735774502238399e+00,1.588976431162926639e+00
3.700000000000000000e+01,7.890682706078667508e+00,7.890682706078667508e+00,1.142773735444402750e+00
3.800000000000000000e+01,7.888904868519212243e+00,7.888904868519212243e+00,1.379739847187957835e+00
3.900000000000000000e+01,7.887355316351990275e+00,7.887355316351990275e+00,9.959942225452278475e-01
4.000000000000000000e+01,7.886010340002211905e+00,7.886010340002211905e+00,1.200408530382546690e+00
4.100000000000000000e+01,7.884838013120827327e+00,7.884838013120827327e+00,8.678780013155056317e-01
4.200000000000000000e+01,7.883818956366212660e+00,7.883818956366212660e+00,1.045377028139586439e+00
4.300000000000000000e+01,7.882930907307019730e+00,7.882930907307019730e+00,7.506675353673608608e-01
4.400000000000000000e+01,7.882150103732005419e+00,7.882150103732005419e+00,9.226006109072339978e-01
4.500000000000000000e+01,7.881470220886700240e+00,7.881470220886700240e+00,6.536000687608032322e-01
4.600000000000000000e+01,7.880880393791272809e+00,7.880880393791272809e+00,8.017053594128836780e-01
4.700000000000000000e+01,7.880366842535992511e+00,7.880366842535992511e+00,5.690551711281817138e-01
4.800000000000000000e+01,7.879920758098666767e+00,7.879920758098666767e+00,6.973419885358373982e-01
4.900000000000000000e+01,7.879532349574989603e+00,7.879532349574989603e+00,4.953665169695405934e-01
5.000000000000000000e+01,7.879194649820564500e+00,7.879194649820564500e+00,6.068807007542200704e-01
5.100000000000000000e+01,7.878900675670258202e+00,7.878900675670258202e+00,4.329278935421715380e-01
5.200000000000000000e+01,7.878646333056193107e+00,7.878646333056193107e+00,5.253648065313645255e-01
5.300000000000000000e+01,7.878424641775908732e+00,7.878424641775908732e+00,3.773492016681134764e-01
5.400000000000000000e+01,7.878231772449995063e+00,7.878231772449995063e+00,4.574745401347892759e-01
5.500000000000000000e+01,7.878063663497375302e+00,7.878063663497375302e+00,3.288932922328333674e-01
5.600000000000000000e+01,7.877917319781059469e+00,7.877917319781059469e+00,3.985489999989544896e-01
5.700000000000000000e+01,7.877789762012058716e+00,7.877789762012058716e+00,2.866195285434236517e-01
5.800000000000000000e+01,7.877678655518690398e+00,7.877678655518690398e+00,3.472438321258767835e-01
5.900000000000000000e+01,7.877581844455983529e+00,7.877581844455983529e+00,2.500822569809800222e-01
6.000000000000000000e+01,7.877497605902932243e+00,7.877497605902932243e+00,3.023083369154597744e-01
6.100000000000000000e+01,7.877424155414909812e+00,7.877424155414909812e+00,2.180565574743990043e-01
6.200000000000000000e+01,7.877360175359945593e+00,7.877360175359945593e+00,2.634656773229702154e-01
6.300000000000000000e+01,7.877304387921953754e+00,7.877304387921953754e+00,1.901300422234673548e-01
6.400000000000000000e+01,7.877255777291861882e+00,7.877255777291861882e+00,2.296725650278199082e-01
6.500000000000000000e+01,7.877213390439298024e+00,7.877213390439298024e+00,1.657673619805704601e-01
6.600000000000000000e+01,7.876923494352457311e+00,7.876923494352457311e+00,2.322302219536904674e-02
6.700000000000000000e+01,7.876923015918609217e+00,7.876923015918609217e+00,5.579504819765965067e-03
6.800000000000000000e+01,7.876922987818718802e+00,7.876922987818718802e+00,4.112970463995337458e-03
6.900000000000000000e+01,7.876922960380050576e+00,7.876922960380050576e+00,5.434541949577448988e-03
7.000000000000000000e+01,7.876922933001123006e+00,7.876922933001123006e+00,4.105519105884999735e-03
7.100000000000000000e+01,7.876922905671118968e+00,7.876922905671118968e+00,5.426451338261447169e-03
7.200000000000000000e+01,7.876922878381251714e+00,7.876922878381251714e+00,4.101011885689138242e-03
7.300000000000000000e+01,7.876922851138258963e+00,7.876922851138258963e+00,5.420562588127017002e-03
7.400000000000000000e+01,7.876922823931645112e+00,7.876922823931645112e+00,4.099492564298386384e-03
7.500000000000000000e+01,7.876922796797847681e+00,7.876922796797847681e+00,5.416671278288457021e-03
7.600000000000000000e+01,7.876922769710960281e+00,7.876922769710960281e+00,4.101182047712562291e-03
7.700000000000000000e+01,7.876922742787827225e+00,7.876922742787827225e+00,5.412030442624836055e-03
7.800000000000000000e+01,7.876922715959842947e+00,7.876922715959842947e+00,4.108329826506409294e-03
7.900000000000000000e+01,7.876922689508518260e+00,7.876922689508518260e+00,5.401650773299401971e-03
8.000000000000000000e+01,7.876922663249048995e+00,7.876922663249048995e+00,4.122762819979831732e-03
8.100000000000000000e+01,7.876922637666898375e+00,7.876922637666898375e+00,5.377917362387902959e-03
8.200000000000000000e+01,7.876922612353699726e+00,7.876922612353699726e+00,4.139624086085777130e-03
8.300000000000000000e+01,7.876922587792329900e+00,7.876922587792329900e+00,5.342697554254047590e-03
8.400000000000000000e+01,7.876922563440926339e+00,7.876922563440926339e+00,4.150132975242756296e-03
8.500000000000000000e+01,7.876922539550931468e+00,7.876922539550931468e+00,5.317094401224634753e-03
8.600000000000000000e+01,7.876922515753669529e+00,7.876922515753669529e+00,4.154928815779510357e-03
8.700000000000000000e+01,7.876922492135498999e+00,7.876922492135498999e+00,5.307155286057818090e-03
8.800000000000000000e+01,7.876922468543327227e+00,7.876922468543327227e+00,4.157641524415005459e-03
8.900000000000000000e+01,7.876922445003008200e+00,7.876922445003008200e+00,5.305343562196800956e-03
9.000000000000000000e+01,7.876922421463471657e+00,7.876922421463471657e+00,4.159729982777820960e-03
9.100000000000000000e+01,7.876922397932438535e+00,7.876922397932438535e+00,5.306448025583207495e-03
9.200000000000000000e+01,7.876922374394023763e+00,7.876922374394023763e+00,4.161705329256873420e-03
9.300000000000000000e+01,7.876922350850515286e+00,7.876922350850515286e+00,5.308524197952282399e-03
9.400000000000000000e+01,7.876922327296914439e+00,7.876922327296914439e+00,4.163676446265955448e-03
9.500000000000000000e+01,7.876922303733812747e+00,7.876922303733812747e+00,5.311053536837638187e-03
9.600000000000000000e+01,7.876922280159356582e+00,7.876922280159356582e+00,4.165692602016365931e-03
9.700000000000000000e+01,7.876922256574247605e+00,7.876922256574247605e+00,5.313575004098635562e-03
9.800000000000000000e+01,7.876922232977538130e+00,7.876922232977538130e+00,4.167763986040236117e-03
9.900000000000000000e+01,7.876922209369519479e+00,7.876922209369519479e+00,5.316190094282242755e-03
1.000000000000000000e+02,7.876922185749656968e+00,7.876922185749656968e+00,4.169860495413199239e-03
1.010000000000000000e+02,7.876922162118150439e+00,7.876922162118150439e+00,5.318858484626539512e-03
1.020000000000000000e+02,7.876922138474657942e+00,7.876922138474657942e+00,4.171718742110890575e-03
1.030000000000000000e+02,7.876922114817459075e+00,7.876922114817459075e+00,5.322132223500786706e-03
1.040000000000000000e+02,7.876922091148075289e+00,7.876922091148075289e+00,4.173869234816066955e-03
1.050000000000000000e+02,7.876922067466880506e+00,7.876922067466880506e+00,5.324831532497700803e-03
1.060000000000000000e+02,7.876922043773436855e+00,7.876922043773436855e+00,4.176029787009729460e-03
1.070000000000000000e+02,7.876922020068033881e+00,7.876922020068033881e+00,5.327562972697848578e-03
1.080000000000000000e+02,7.876921996350320754e+00,7.876921996350320754e+00,4.178190041340352177e-03
1.090000000000000000e+02,7.876921972620482215e+00,7.876921972620482215e+00,5.330293524403761571e-03
1.100000000000000000e+02,7.876921948878422342e+00,7.876921948878422342e+00,4.180422772894375714e-03
1.110000000000000000e+02,7.876921925124489299e+00,7.876921925124489299e+00,5.332996928644466450e-03
1.120000000000000000e+02,7.876921901358111988e+00,7.876921901358111988e+00,4.182614351266184839e-03
1.130000000000000000e+02,7.876921877579650122e+00,7.876921877579650122e+00,5.335751647966825717e-03
1.140000000000000000e+02,7.876921853788723560e+00,7.876921853788723560e+00,4.184805138570275689e-03
1.150000000000000000e+02,7.876921829985613854e+00,7.876921829985613854e+00,5.338524748777412343e-03
1.160000000000000000e+02,7.876921806170028795e+00,7.876921806170028795e+00,4.186950214932453826e-03
1.170000000000000000e+02,7.876921782341851141e+00,7.876921782341851141e+00,5.341438048748653120e-03
1.180000000000000000e+02,7.876921758501086224e+00,7.876921758501086224e+00,4.189157311631606581e-03
1.190000000000000000e+02,7.876921734648199447e+00,7.876921734648199447e+00,5.344195773900877779e-03
1.200000000000000000e+02,7.876921710782752939e+00,7.876921710782752939e+00,4.191363481865570048e-03
1.210000000000000000e+02,7.876921686905085096e+00,7.876921686905085096e+00,5.346975543461112389e-03
1.220000000000000000e+02,7.876921663014851305e+00,7.876921663014851305e+00,4.193562258451992084e-03
1.230000000000000000e+02,7.876921639112286933e+00,7.876921639112286933e+00,5.349763142971550832e-03
1.240000000000000000e+02,7.876921615197209015e+00,7.876921615197209015e+00,4.195826370337257111e-03
1.250000000000000000e+02,7.876921591270162892e+00,7.876921591270162892e+00,5.352472372961219679e-03
1.260000000000000000e+02,7.876921567330484208e+00,7.876921567330484208e+00,4.198042505572145699e-03
1.270000000000000000e+02,7.876921543378564650e+00,7.876921543378564650e+00,5.355252132952597298e-03
1.280000000000000000e+02,7.876921519414017858e+00,7.876921519414017858e+00,4.200254232325218579e-03
1.290000000000000000e+02,7.876921495437149368e+00,7.876921495437149368e+00,5.358046991966620813e-03
1.300000000000000000e+02,7.876921471447656309e+00,7.876921471447656309e+00,4.202437770327737201e-03
1.310000000000000000e+02,7.876921447445592861e+00,7.876921447445592861e+00,5.360943574698767700e-03
1.320000000000000000e+02,7.876921423430780500e+00,7.876921423430780500e+00,4.204657839441144733e-03
1.330000000000000000e+02,7.876921399403743251e+00,7.876921399403743251e+00,5.363714092797938066e-03
1.340000000000000000e+02,7.876921375364023703e+00,7.876921375364023703e+00,4.206877865957444132e-03
1.350000000000000000e+02,7.876921351311973574e+00,7.876921351311973574e+00,5.366508014703706871e-03
1.360000000000000000e+02,7.876921327247245586e+00,7.876921327247245586e+00,4.209090372591857941e-03
1.370000000000000000e+02,7.876921303170091093e+00,7.876921303170091093e+00,5.369312598840309154e-03
1.380000000000000000e+02,7.876921279080290716e+00,7.876921279080290716e+00,4.211388288025351770e-03
1.390000000000000000e+02,7.876921254978608289e+00,7.876921254978608289e+00,5.371982040678348683e-03
1.400000000000000000e+02,7.876921230864184054e+00,7.876921230864184054e+00,4.213615273336259424e-03
1.410000000000000000e+02,7.876921206737430126e+00,7.876921206737430126e+00,5.374772124152793831e-03
1.420000000000000000e+02,7.876921182597944160e+00,7.876921182597944160e+00,4.215837524667693896e-03
1.430000000000000000e+02,7.876921158446048565e+00,7.876921158446048565e+00,5.377577617116100980e-03
1.440000000000000000e+02,7.876921134281424486e+00,7.876921134281424486e+00,4.218039563768823108e-03
1.450000000000000000e+02,7.876921110104205148e+00,7.876921110104205148e+00,5.380487987346529825e-03
1.460000000000000000e+02,7.876921085914062814e+00,7.876921085914062814e+00,4.220260763738024196e-03
1.470000000000000000e+02,7.876921061711623651e+00,7.876921061711623651e+00,5.383264182973517865e-03
1.480000000000000000e+02,7.876921037496401823e+00,7.876921037496401823e+00,4.222490193841690713e-03
1.490000000000000000e+02,7.876921013268765925e+00,7.876921013268765925e+00,5.386067509919173317e-03
1.500000000000000000e+02,7.876920989028351805e+00,7.876920989028351805e+00,4.224712721933055262e-03
1.510000000000000000e+02,7.876920964775435685e+00,7.876920964775435685e+00,5.388883034503974892e-03
1.520000000000000000e+02,7.876920940509765323e+00,7.876920940509765323e+00,4.227109580714111942e-03
1.530000000000000000e+02,7.876920916232787562e+00,7.876920916232787562e+00,5.391373302874201065e-03
1.540000000000000000e+02,7.876920891942968517e+00,7.876920891942968517e+00,4.229345448149107040e-03
1.550000000000000000e+02,7.876920867640738955e+00,7.876920867640738955e+00,5.394171385809501222e-03
1.560000000000000000e+02,7.876920843325683208e+00,7.876920843325683208e+00,4.231576728971034491e-03
1.570000000000000000e+02,7.876920818998133456e+00,7.876920818998133456e+00,5.396985828539576334e-03
1.580000000000000000e+02,7.876920794657763736e+00,7.876920794657763736e+00,4.233792441030358178e-03
1.590000000000000000e+02,7.876920770304749020e+00,7.876920770304749020e+00,5.400093544141805306e-03
1.600000000000000000e+02,7.876920745938025270e+00,7.876920745938025270e+00,4.235929429999491132e-03
1.610000000000000000e+02,7.876920721558941629e+00,7.876920721558941629e+00,5.402872990283948129e-03
1.620000000000000000e+02,7.876920697166980290e+00,7.876920697166980290e+00,4.238167654983899732e-03
1.630000000000000000e+02,7.876920672762522280e+00,7.876920672762522280e+00,5.405685039945254920e-03
1.640000000000000000e+02,7.876920648345192788e+00,7.876920648345192788e+00,4.240399546959652648e-03
1.650000000000000000e+02,7.876920623915279585e+00,7.876920623915279585e+00,5.408510216966242769e-03
1.660000000000000000e+02,7.876920599472512663e+00,7.876920599472512663e+00,4.242159470900430315e-03
1.670000000000000000e+02,7.876920575013699910e+00,7.876920575013699910e+00,5.412348963541159172e-03
1.680000000000000000e+02,7.876920550541944621e+00,7.876920550541944621e+00,4.244403972061993290e-03
1.690000000000000000e+02,7.876920526057691774e+00,7.876920526057691774e+00,5.415155860291458352e-03
1.700000000000000000e+02,7.876920501560514154e+00,7.876920501560514154e+00,4.246644169212964760e-03
1.710000000000000000e+02,7.876920477050755487e+00,7.876920477050755487e+00,5.417980426802690604e-03
1.720000000000000000e+02,7.876920452528076488e+00,7.876920452528076488e+00,4.248871761424344133e-03
1.730000000000000000e+02,7.876920427992684104e+00,7.876920427992684104e+00,5.420760276492361286e-03
1.740000000000000000e+02,7.876920403444637842e+00,7.876920403444637842e+00,4.251181626754305283e-03
1.750000000000000000e+02,7.876920378884175733e+00,7.876920378884175733e+00,5.423541034260412688e-03
1.760000000000000000e+02,7.876920354310737338e+00,7.876920354310737338e+00,4.253428645766697998e-03
1.770000000000000000e+02,7.876920329724714342e+00,7.876920329724714342e+00,5.426362564030078398e-03
1.780000000000000000e+02,7.876920305125720390e+00,7.876920305125720390e+00,4.255669769181407054e-03
1.790000000000000000e+02,7.876920280514058348e+00,7.876920280514058348e+00,5.429197920883602202e-03
1.800000000000000000e+02,7.876920255889441336e+00,7.876920255889441336e+00,4.257823805280578321e-03
1.810000000000000000e+02,7.876920231251475002e+00,7.876920231251475002e+00,5.432248292311677232e-03
1.820000000000000000e+02,7.876920206600460439e+00,7.876920206600460439e+00,4.260076607033792817e-03
1.830000000000000000e+02,7.876920181936869270e+00,7.876920181936869270e+00,5.435062609614385067e-03
1.840000000000000000e+02,7.876920157260260069e+00,7.876920157260260069e+00,4.262325612659341630e-03
1.850000000000000000e+02,7.876920132570982780e+00,7.876920132570982780e+00,5.437896241819517758e-03
1.860000000000000000e+02,7.876920107868689236e+00,7.876920107868689236e+00,4.264564048197160007e-03
1.870000000000000000e+02,7.876920083153613916e+00,7.876920083153613916e+00,5.440727783990168161e-03
1.880000000000000000e+02,7.876920058425623594e+00,7.876920058425623594e+00,4.266866668338451657e-03
1.890000000000000000e+02,7.876920033685179234e+00,7.876920033685179234e+00,5.443504222272960505e-03
1.900000000000000000e+02,7.876920008931663553e+00,7.876920008931663553e+00,4.269122440862368507e-03
1.910000000000000000e+02,7.876919984165480670e+00,7.876919984165480670e+00,5.446334441173559214e-03
1.920000000000000000e+02,7.876919959386227355e+00,7.876919959386227355e+00,4.271372661831161766e-03
1.930000000000000000e+02,7.876919934594224237e+00,7.876919934594224237e+00,5.449179121004621429e-03
1.940000000000000000e+02,7.876919909789167562e+00,7.876919909789167562e+00,4.273578169082832036e-03
1.950000000000000000e+02,7.876919884970986274e+00,7.876919884970986274e+00,5.452153533390694841e-03
1.960000000000000000e+02,7.876919860139643959e+00,7.876919860139643959e+00,4.275838705991544426e-03
1.970000000000000000e+02,7.876919835295651318e+00,7.876919835295651318e+00,5.454974676020915916e-03
1.980000000000000000e+02,7.876919810438541170e+00,7.876919810438541170e+00,4.278096525965704479e-03
1.990000000000000000e+02,7.876919785568679444e+00,7.876919785568679444e+00,5.457817297859038873e-03
2.000000000000000000e+02,7.876919760685705540e+00,7.876919760685705540e+00,4.280345241421398134e-03
2.010000000000000000e+02,7.876919735789873478e+00,7.876919735789873478e+00,5.460667397824842291e-03
2.020000000000000000e+02,7.876919710880986081e+00,7.876919710880986081e+00,4.282662497607217164e-03
2.030000000000000000e+02,7.876919685959650863e+00,7.876919685959650863e+00,5.463428651611014486e-03
2.040000000000000000e+02,7.876919661025142183e+00,7.876919661025142183e+00,4.284927038659683968e-03
2.050000000000000000e+02,7.876919636077881037e+00,7.876919636077881037e+00,5.466267332659925995e-03
2.060000000000000000e+02,7.876919611117458864e+00,7.876919611117458864e+00,4.287186303129371552e-03
2.070000000000000000e+02,7.876919586144198959e+00,7.876919586144198959e+00,5.469121169824095290e-03
2.080000000000000000e+02,7.876919561157786021e+00,7.876919561157786021e+00,4.289416681810450001e-03
2.090000000000000000e+02,7.876919536158284885e+00,7.876919536158284885e+00,5.472079388350471058e-03
2.100000000000000000e+02,7.876919511145492159e+00,7.876919511145492159e+00,4.291683313066718512e-03
2.110000000000000000e+02,7.876919486119973612e+00,7.876919486119973612e+00,5.474906528148614122e-03
2.120000000000000000e+02,7.876919461081241636e+00,7.876919461081241636e+00,4.293949965082450616e-03
2.130000000000000000e+02,7.876919436029673705e+00,7.876919436029673705e+00,5.477758065567887164e-03
2.140000000000000000e+02,7.876919410964895008e+00,7.876919410964895008e+00,4.296208597939053450e-03
2.150000000000000000e+02,7.876919385887183545e+00,7.876919385887183545e+00,5.480620642085211672e-03
2.160000000000000000e+02,7.876919360796297731e+00,7.876919360796297731e+00,4.298558586303936890e-03
2.170000000000000000e+02,7.876919335693072455e+00,7.876919335693072455e+00,5.483336373440238047e-03
2.180000000000000000e+02,7.876919310576576905e+00,7.876919310576576905e+00,4.300831901679874614e-03
2.190000000000000000e+02,7.876919285447245400e+00,7.876919285447245400e+00,5.486183261680151885e-03
2.200000000000000000e+02,7.876919260304655168e+00,7.876919260304655168e+00,4.303100177550278974e-03
2.210000000000000000e+02,7.876919235149143717e+00,7.876919235149143717e+00,5.489046145289676153e-03
2.220000000000000000e+02,7.876919209980380643e+00,7.876919209980380643e+00,4.305347649631404393e-03
2.230000000000000000e+02,7.876919184798502727e+00,7.876919184798502727e+00,5.492019784522253478e-03
2.240000000000000000e+02,7.876919159603151144e+00,7.876919159603151144e+00,4.307613643770777205e-03
2.250000000000000000e+02,7.876919134395006239e+00,7.876919134395006239e+00,5.494851685928198171e-03
2.260000000000000000e+02,7.876919109173549316e+00,7.876919109173549316e+00,4.309889150781684788e-03
2.270000000000000000e+02,7.876919083939170285e+00,7.876919083939170285e+00,5.497712043494333220e-03
2.280000000000000000e+02,7.876919058691483677e+00,7.876919058691483677e+00,4.312157456657528254e-03
2.290000000000000000e+02,7.876919033430782591e+00,7.876919033430782591e+00,5.500585111916202544e-03
2.300000000000000000e+02,7.876919008156798796e+00,7.876919008156798796e+00,4.314620776441752820e-03
2.310000000000000000e+02,7.876918982871171870e+00,7.876918982871171870e+00,5.503091136722131765e-03
2.320000000000000000e+02,7.876918957572170754e+00,7.876918957572170754e+00,4.316902832627409793e-03
2.330000000000000000e+02,7.876918932260251971e+00,7.876918932260251971e+00,5.505945790528210537e-03
2.340000000000000000e+02,7.876918906934978537e+00,7.876918906934978537e+00,4.319180093845725182e-03
2.350000000000000000e+02,7.876918881596698618e+00,7.876918881596698618e+00,5.508817498906136076e-03
2.360000000000000000e+02,7.876918856245069378e+00,7.876918856245069378e+00,4.321441358343350303e-03
2.370000000000000000e+02,7.876918830880277334e+00,7.876918830880277334e+00,5.512084089602619155e-03
2.380000000000000000e+02,7.876918805500870313e+00,7.876918805500870313e+00,4.323577151668128032e-03
2.390000000000000000e+02,7.876918780108603357e+00,7.876918780108603357e+00,5.514918901881812885e-03
2.400000000000000000e+02,7.876918754702927572e+00,7.876918754702927572e+00,4.325861549096452624e-03
2.410000000000000000e+02,7.876918729284241749e+00,7.876918729284241749e+00,5.517788058397862967e-03
2.420000000000000000e+02,7.876918703852151538e+00,7.876918703852151538e+00,4.328139368833833212e-03
2.430000000000000000e+02,7.876918678406965135e+00,7.876918678406965135e+00,5.520670895678663273e-03
2.440000000000000000e+02,7.876918652948388555e+00,7.876918652948388555e+00,4.330042160707316470e-03
2.450000000000000000e+02,7.876918627473899370e+00,7.876918627473899370e+00,5.524367399761758064e-03
2.460000000000000000e+02,7.876918601985924084e+00,7.876918601985924084e+00,4.332332971416273312e-03
2.470000000000000000e+02,7.876918576484950307e+00,7.876918576484950307e+00,5.527230771434327172e-03
2.480000000000000000e+02,7.876918550970512634e+00,7.876918550970512634e+00,4.334619312875855057e-03
2.490000000000000000e+02,7.876918525442983210e+00,7.876918525442983210e+00,5.530112606905726418e-03
2.500000000000000000e+02,7.876918499901997883e+00,7.876918499901997883e+00,4.336892741011955099e-03
2.510000000000000000e+02,7.876918474347781363e+00,7.876918474347781363e+00,5.532956613999071536e-03
2.520000000000000000e+02,7.876918448780359405e+00,7.876918448780359405e+00,4.339247572676343048e-03
2.530000000000000000e+02,7.876918423200023334e+00,7.876918423200023334e+00,5.535791807692850945e-03
2.540000000000000000e+02,7.876918397606173627e+00,7.876918397606173627e+00,4.341540937200859956e-03
2.550000000000000000e+02,7.876918371999227730e+00,7.876918371999227730e+00,5.538670350360160900e-03
2.560000000000000000e+02,7.876918346378773528e+00,7.876918346378773528e+00,4.343828190205531979e-03
2.570000000000000000e+02,7.876918320745136093e+00,7.876918320745136093e+00,5.541563301156186144e-03
2.580000000000000000e+02,7.876918295098005451e+00,7.876918295098005451e+00,4.346032681183559752e-03
2.590000000000000000e+02,7.876918269437028108e+00,7.876918269437028108e+00,5.544663739979657432e-03
2.600000000000000000e+02,7.876918243762457195e+00,7.876918243762457195e+00,4.348331918304514446e-03
2.610000000000000000e+02,7.876918218074802525e+00,7.876918218074802525e+00,5.547534480382905996e-03
2.620000000000000000e+02,7.876918192373588923e+00,7.876918192373588923e+00,4.350627270783294365e-03
2.630000000000000000e+02,7.876918166659193865e+00,7.876918166659193865e+00,5.550425486211213108e-03
2.640000000000000000e+02,7.876918140931242540e+00,7.876918140931242540e+00,4.352911822921272031e-03
2.650000000000000000e+02,7.876918115189988079e+00,7.876918115189988079e+00,5.553316207226011506e-03
2.660000000000000000e+02,7.876918089435278603e+00,7.876918089435278603e+00,4.355262889067808459e-03
2.670000000000000000e+02,7.876918063667623926e+00,7.876918063667623926e+00,5.556145353482038959e-03
2.680000000000000000e+02,7.876918037886352586e+00,7.876918037886352586e+00,4.357565208506939021e-03
2.690000000000000000e+02,7.876918012091900678e+00,7.876918012091900678e+00,5.559032643675971240e-03
2.700000000000000000e+02,7.876917986283839213e+00,7.876917986283839213e+00,4.359861778214213154e-03
2.710000000000000000e+02,7.876917960462508361e+00,7.876917960462508361e+00,5.561935019897349015e-03
2.720000000000000000e+02,7.876917934627581275e+00,7.876917934627581275e+00,4.362115004980676204e-03
2.730000000000000000e+02,7.876917908779012656e+00,7.876917908779012656e+00,5.564966385509105724e-03
2.740000000000000000e+02,7.876917882916734115e+00,7.876917882916734115e+00,4.364421970280829045e-03
2.750000000000000000e+02,7.876917857041293658e+00,7.876917857041293658e+00,5.567843807547551670e-03
2.760000000000000000e+02,7.876917831152193017e+00,7.876917831152193017e+00,4.366726344747320562e-03
2.770000000000000000e+02,7.876917805249820326e+00,7.876917805249820326e+00,5.570743901054906431e-03
2.780000000000000000e+02,7.876917779333792780e+00,7.876917779333792780e+00,4.369021432140127344e-03
2.790000000000000000e+02,7.876917753404387490e+00,7.876917753404387490e+00,5.573652539483535222e-03
2.800000000000000000e+02,7.876917727461381524e+00,7.876917727461381524e+00,4.371389873080796726e-03
2.810000000000000000e+02,7.876917701505447234e+00,7.876917701505447234e+00,5.576462081351341374e-03
2.820000000000000000e+02,7.876917675535795027e+00,7.876917675535795027e+00,4.373701163676281534e-03
2.830000000000000000e+02,7.876917649552874323e+00,7.876917649552874323e+00,5.579357868391681546e-03
2.840000000000000000e+02,7.876917623556244585e+00,7.876917623556244585e+00,4.376006993400747072e-03
2.850000000000000000e+02,7.876917597546260197e+00,7.876917597546260197e+00,5.582269501388819298e-03
2.860000000000000000e+02,7.876917571522575656e+00,7.876917571522575656e+00,4.378284619205417491e-03
2.870000000000000000e+02,7.876917545485276229e+00,7.876917545485276229e+00,5.585288170089834463e-03
2.880000000000000000e+02,7.876917519434127435e+00,7.876917519434127435e+00,4.380597122497656079e-03
2.890000000000000000e+02,7.876917493369739454e+00,7.876917493369739454e+00,5.588171300258524925e-03
2.900000000000000000e+02,7.876917467291591812e+00,7.876917467291591812e+00,4.382910537615239063e-03
2.910000000000000000e+02,7.876917441200085079e+00,7.876917441200085079e+00,5.591080396436980474e-03
2.920000000000000000e+02,7.876917415094821351e+00,7.876917415094821351e+00,4.385215778427031634e-03
2.930000000000000000e+02,7.876917388976099055e+00,7.876917388976099055e+00,5.594001352095673285e-03
2.940000000000000000e+02,7.876917362843656178e+00,7.876917362843656178e+00,4.387625087215280169e-03
2.950000000000000000e+02,7.876917336698453731e+00,7.876917336698453731e+00,5.596749368446994957e-03
2.960000000000000000e+02,7.876917310539431227e+00,7.876917310539431227e+00,4.389945348952905765e-03
2.970000000000000000e+02,7.876917284367050520e+00,7.876917284367050520e+00,5.599653351921275550e-03
2.980000000000000000e+02,7.876917258180865744e+00,7.876917258180865744e+00,4.392260402749210112e-03
2.990000000000000000e+02,7.876917231981233947e+00,7.876917231981233947e+00,5.602574115491669102e-03
3.000000000000000000e+02,7.876917205767798968e+00,7.876917205767798968e+00,4.394555061370147321e-03
3.010000000000000000e+02,7.876917179540724234e+00,7.876917179540724234e+00,5.605619075793863426e-03
3.020000000000000000e+02,7.876917153299572760e+00,7.876917153299572760e+00,4.396862521997045928e-03
3.030000000000000000e+02,7.876917127045114597e+00,7.876917127045114597e+00,5.608506429450866443e-03
3.040000000000000000e+02,7.876917100776792857e+00,7.876917100776792857e+00,4.399185001296455032e-03
3.050000000000000000e+02,7.876917074495022320e+00,7.876917074495022320e+00,5.611424414998101261e-03
3.060000000000000000e+02,7.876917048199397087e+00,7.876917048199397087e+00,4.401500139107781748e-03
3.070000000000000000e+02,7.876917021890226245e+00,7.876917021890226245e+00,5.614355833199673879e-03
3.080000000000000000e+02,7.876916995567222912e+00,7.876916995567222912e+00,4.404109680748908434e-03
3.090000000000000000e+02,7.876916969232817145e+00,7.876916969232817145e+00,5.616714802362613064e-03
3.100000000000000000e+02,7.876916942884484740e+00,7.876916942884484740e+00,4.406438852276955975e-03
3.110000000000000000e+02,7.876916916522712420e+00,7.876916916522712420e+00,5.619626343468304107e-03
3.120000000000000000e+02,7.876916890147032113e+00,7.876916890147032113e+00,4.408763091385417034e-03
3.130000000000000000e+02,7.876916863757820408e+00,7.876916863757820408e+00,5.622555858544943039e-03
3.140000000000000000e+02,7.876916837354705159e+00,7.876916837354705159e+00,4.411071605323763252e-03
3.150000000000000000e+02,7.876916810937897750e+00,7.876916810937897750e+00,5.624529048409902462e-03
3.160000000000000000e+02,7.876916784510782144e+00,7.876916784510782144e+00,4.413908291403701757e-03
3.170000000000000000e+02,7.876916758070300340e+00,7.876916758070300340e+00,5.627416918613560755e-03
3.180000000000000000e+02,7.876916731615857259e+00,7.876916731615857259e+00,4.416239765252635320e-03
3.190000000000000000e+02,7.876916705147886333e+00,7.876916705147886333e+00,5.630342371289820923e-03
3.200000000000000000e+02,7.876916678665959459e+00,7.876916678665959459e+00,4.418564538645788388e-03
3.210000000000000000e+02,7.876916652170410593e+00,7.876916652170410593e+00,5.633282169427368709e-03
3.220000000000000000e+02,7.876916625660925320e+00,7.876916625660925320e+00,4.420685663998988324e-03
3.230000000000000000e+02,7.876916599136233543e+00,7.876916599136233543e+00,5.636680432694330702e-03
3.240000000000000000e+02,7.876916572597504107e+00,7.876916572597504107e+00,4.423023605949660125e-03
3.250000000000000000e+02,7.876916546045258372e+00,7.876916546045258372e+00,5.639599039160651632e-03
3.260000000000000000e+02,7.876916519478999845e+00,7.876916519478999845e+00,4.425357030616837613e-03
3.270000000000000000e+02,7.876916492899123767e+00,7.876916492899123767e+00,5.642537210260053712e-03
3.280000000000000000e+02,7.876916466305242004e+00,7.876916466305242004e+00,4.427677789956059422e-03
3.290000000000000000e+02,7.876916439697604133e+00,7.876916439697604133e+00,5.645456145544974595e-03
3.300000000000000000e+02,7.876916413076146206e+00,7.876916413076146206e+00,4.430073832341084594e-03
3.310000000000000000e+02,7.876916386441275009e+00,7.876916386441275009e+00,5.648341898517612175e-03
3.320000000000000000e+02,7.876916359792337730e+00,7.876916359792337730e+00,4.432414472902288481e-03
3.330000000000000000e+02,7.876916333129779346e+00,7.876916333129779346e+00,5.651276428856986597e-03
3.340000000000000000e+02,7.876916306453164651e+00,7.876916306453164651e+00,4.434748893451225839e-03
3.350000000000000000e+02,7.876916279762835593e+00,7.876916279762835593e+00,5.654226060784532833e-03
3.360000000000000000e+02,7.876916253058463546e+00,7.876916253058463546e+00,4.437016997610767656e-03
3.370000000000000000e+02,7.876916226339828242e+00,7.876916226339828242e+00,5.657350846399313710e-03
3.380000000000000000e+02,7.876916199607038926e+00,7.876916199607038926e+00,4.439363357183005385e-03
3.390000000000000000e+02,7.876916172860646270e+00,7.876916172860646270e+00,5.660276491857375684e-03
3.400000000000000000e+02,7.876916146100142235e+00,7.876916146100142235e+00,4.441706017978264837e-03
3.410000000000000000e+02,7.876916119325926502e+00,7.876916119325926502e+00,5.663223863949531055e-03
3.420000000000000000e+02,7.876916092537602943e+00,7.876916092537602943e+00,4.444038097285787046e-03
3.430000000000000000e+02,7.876916065735447781e+00,7.876916065735447781e+00,5.666175483362395106e-03
3.440000000000000000e+02,7.876916038919267393e+00,7.876916038919267393e+00,4.446440009738952988e-03
3.450000000000000000e+02,7.876916012089660413e+00,7.876916012089660413e+00,5.669049956809319932e-03
3.460000000000000000e+02,7.876915985245879881e+00,7.876915985245879881e+00,4.448789824570024976e-03
3.470000000000000000e+02,7.876915958388391203e+00,7.876915958388391203e+00,5.671993158236216838e-03
3.480000000000000000e+02,7.876915931516740521e+00,7.876915931516740521e+00,4.451133788250321265e-03
3.490000000000000000e+02,7.876915904631289322e+00,7.876915904631289322e+00,5.674952220297012871e-03
3.500000000000000000e+02,7.876915877731684112e+00,7.876915877731684112e+00,4.453440571765389724e-03
3.510000000000000000e+02,7.876915850817949760e+00,7.876915850817949760e+00,5.678031585057839899e-03
3.520000000000000000e+02,7.876915823889929946e+00,7.876915823889929946e+00,4.455794143261602135e-03
3.530000000000000000e+02,7.876915796948227744e+00,7.876915796948227744e+00,5.680963374341297355e-03
3.540000000000000000e+02,7.876915769992309357e+00,7.876915769992309357e+00,4.458146051209833753e-03
3.550000000000000000e+02,7.876915743022589567e+00,7.876915743022589567e+00,5.683919855192265912e-03
3.560000000000000000e+02,7.876915716038657145e+00,7.876915716038657145e+00,4.460488854552580040e-03
3.570000000000000000e+02,7.876915689040812296e+00,7.876915689040812296e+00,5.686886963433929361e-03
3.580000000000000000e+02,7.876915662028803666e+00,7.876915662028803666e+00,4.462916967424707983e-03
3.590000000000000000e+02,7.876915635003438609e+00,7.876915635003438609e+00,5.689726863002273795e-03
3.600000000000000000e+02,7.876915607963797861e+00,7.876915607963797861e+00,4.465275965739064559e-03
3.610000000000000000e+02,7.876915580910357484e+00,7.876915580910357484e+00,5.692678438407852183e-03
3.620000000000000000e+02,7.876915553842651185e+00,7.876915553842651185e+00,4.467629411317414027e-03
3.630000000000000000e+02,7.876915526761052888e+00,7.876915526761052888e+00,5.695646771600106247e-03
3.640000000000000000e+02,7.876915499665196663e+00,7.876915499665196663e+00,4.469957944610115919e-03
3.650000000000000000e+02,7.876915472555213071e+00,7.876915472555213071e+00,5.698727047597026800e-03
3.660000000000000000e+02,7.876915445430773488e+00,7.876915445430773488e+00,4.472314114764095599e-03
3.670000000000000000e+02,7.876915418292577797e+00,7.876915418292577797e+00,5.701663644326997182e-03
3.680000000000000000e+02,7.876915391140057565e+00,7.876915391140057565e+00,4.474675288914375069e-03
3.690000000000000000e+02,7.876915363973646222e+00,7.876915363973646222e+00,5.704629126322987784e-03
3.700000000000000000e+02,7.876915336792918332e+00,7.876915336792918332e+00,4.477028432687895146e-03
3.710000000000000000e+02,7.876915309598193637e+00,7.876915309598193637e+00,5.707607754854768928e-03
3.720000000000000000e+02,7.876915282389186146e+00,7.876915282389186146e+00,4.479534758355570474e-03
3.730000000000000000e+02,7.876915255167268981e+00,7.876915255167268981e+00,5.710310689357109282e-03
3.740000000000000000e+02,7.876915227930966878e+00,7.876915227930966878e+00,4.481902914473877980e-03
3.750000000000000000e+02,7.876915200680778995e+00,7.876915200680778995e+00,5.713270207636260076e-03
3.760000000000000000e+02,7.876915173416218607e+00,7.876915173416218607e+00,4.484265799903137950e-03
3.770000000000000000e+02,7.876915146137678292e+00,7.876915146137678292e+00,5.716247627405595180e-03
3.780000000000000000e+02,7.876915118844772579e+00,7.876915118844772579e+00,4.486610356253343049e-03
3.790000000000000000e+02,7.876915091537702196e+00,7.876915091537702196e+00,5.719437147977424543e-03
3.800000000000000000e+02,7.876915064215649132e+00,7.876915064215649132e+00,4.488923661249533126e-03
3.810000000000000000e+02,7.876915036879770682e+00,7.876915036879770682e+00,5.722376414324580225e-03
3.820000000000000000e+02,7.876915009529463774e+00,7.876915009529463774e+00,4.491294127028559388e-03
3.830000000000000000e+02,7.876914982165175161e+00,7.876914982165175161e+00,5.725350762690501610e-03
3.840000000000000000e+02,7.876914954786460754e+00,7.876914954786460754e+00,4.493657356564481793e-03
3.850000000000000000e+02,7.876914927393666943e+00,7.876914927393666943e+00,5.728339533246171872e-03
3.860000000000000000e+02,7.876914899986472207e+00,7.876914899986472207e+00,4.494940452324204354e-03
3.870000000000000000e+02,7.876914872556896263e+00,7.876914872556896263e+00,5.733605410866869298e-03
3.880000000000000000e+02,7.876914845112804819e+00,7.876914845112804819e+00,4.497317859553571356e-03
3.890000000000000000e+02,7.876914817654734335e+00,7.876914817654734335e+00,5.736574811742774921e-03
3.900000000000000000e+02,7.876914790182175885e+00,7.876914790182175885e+00,4.499690341488251505e-03
3.910000000000000000e+02,7.876914762695537142e+00,7.876914762695537142e+00,5.739563685857651532e-03
3.920000000000000000e+02,7.876914735194415762e+00,7.876914735194415762e+00,4.502048423609567376e-03
3.930000000000000000e+02,7.876914707679058658e+00,7.876914707679058658e+00,5.742492225527156061e-03
3.940000000000000000e+02,7.876914680149574188e+00,7.876914680149574188e+00,4.504503546020646211e-03
3.950000000000000000e+02,7.876914652606203937e+00,7.876914652606203937e+00,5.745432678876650177e-03
3.960000000000000000e+02,7.876914625048287988e+00,7.876914625048287988e+00,4.506883478527542834e-03
3.970000000000000000e+02,7.876914597476289082e+00,7.876914597476289082e+00,5.748417846909935867e-03
3.980000000000000000e+02,7.876914569889750695e+00,7.876914569889750695e+00,4.509256738170990160e-03
3.990000000000000000e+02,7.876914542289036980e+00,7.876914542289036980e+00,5.751418328975373313e-03
4.000000000000000000e+02,7.876914514673800660e+00,7.876914514673800660e+00,4.511530492475314576e-03
4.010000000000000000e+02,7.876914487043565671e+00,7.876914487043565671e+00,5.754663348898086776e-03
4.020000000000000000e+02,7.876914459398698831e+00,7.876914459398698831e+00,4.513916714477819551e-03
4.030000000000000000e+02,7.876914431739766798e+00,7.876914431739766798e+00,5.757640133800680238e-03
4.040000000000000000e+02,7.876914404066238440e+00,7.876914404066238440e+00,4.516298622047523921e-03
4.050000000000000000e+02,7.876914376378538307e+00,7.876914376378538307e+00,5.760638377548475339e-03
4.060000000000000000e+02,7.876914348676245403e+00,7.876914348676245403e+00,4.518668697485581434e-03
4.070000000000000000e+02,7.876914320959644833e+00,7.876914320959644833e+00,5.763634707683154383e-03
4.080000000000000000e+02,7.876914293228572284e+00,7.876914293228572284e+00,4.521110524469754144e-03
4.090000000000000000e+02,7.876914265483582867e+00,7.876914265483582867e+00,5.766568068468085062e-03
4.100000000000000000e+02,7.876914237723938506e+00,7.876914237723938506e+00,4.523499811928214168e-03
4.110000000000000000e+02,7.876914209950119705e+00,7.876914209950119705e+00,5.769562147991991706e-03
4.120000000000000000e+02,7.876914182161654843e+00,7.876914182161654843e+00,4.525882858580026688e-03
4.130000000000000000e+02,7.876914154358918729e+00,7.876914154358918729e+00,5.772572312139822789e-03
4.140000000000000000e+02,7.876914126541550765e+00,7.876914126541550765e+00,4.528218029722441175e-03
4.150000000000000000e+02,7.876914098709489664e+00,7.876914098709489664e+00,5.775723379353207669e-03
4.160000000000000000e+02,7.876914070862670592e+00,7.876914070862670592e+00,4.530612282183257497e-03
4.170000000000000000e+02,7.876914043001701060e+00,7.876914043001701060e+00,5.778706734561023760e-03
4.180000000000000000e+02,7.876914015126028623e+00,7.876914015126028623e+00,4.533003621129965029e-03
4.190000000000000000e+02,7.876913987236087600e+00,7.876913987236087600e+00,5.781714250821052593e-03
4.200000000000000000e+02,7.876913959331449888e+00,7.876913959331449888e+00,4.535384913531728505e-03
4.210000000000000000e+02,7.876913931412419245e+00,7.876913931412419245e+00,5.784730783815915899e-03
4.220000000000000000e+02,7.876913903478755863e+00,7.876913903478755863e+00,4.537844918194582078e-03
4.230000000000000000e+02,7.876913875531205811e+00,7.876913875531205811e+00,5.787641306219193718e-03
4.240000000000000000e+02,7.876913847568887128e+00,7.876913847568887128e+00,4.540243574207386730e-03
4.250000000000000000e+02,7.876913819592306076e+00,7.876913819592306076e+00,5.790643985702657350e-03
4.260000000000000000e+02,7.876913791600968828e+00,7.876913791600968828e+00,4.542636327460823284e-03
4.270000000000000000e+02,7.876913763595268847e+00,7.876913763595268847e+00,5.793663612179426187e-03
4.280000000000000000e+02,7.876913735574825104e+00,7.876913735574825104e+00,4.544998979876297036e-03
4.290000000000000000e+02,7.876913707539736187e+00,7.876913707539736187e+00,5.796798145033900396e-03
4.300000000000000000e+02,7.876913679489732090e+00,7.876913679489732090e+00,4.547398638932300535e-03
4.310000000000000000e+02,7.876913651425500262e+00,7.876913651425500262e+00,5.799786888486161730e-03
4.320000000000000000e+02,7.876913623346455395e+00,7.876913623346455395e+00,4.549799424916171897e-03
4.330000000000000000e+02,7.876913595253049571e+00,7.876913595253049571e+00,5.802803573694295669e-03
4.340000000000000000e+02,7.876913567144835149e+00,7.876913567144835149e+00,4.552191446509010024e-03
4.350000000000000000e+02,7.876913539022146971e+00,7.876913539022146971e+00,5.805833043275255602e-03
4.360000000000000000e+02,7.876913510884691050e+00,7.876913510884691050e+00,4.554699243434602064e-03
4.370000000000000000e+02,7.876913482733576721e+00,7.876913482733576721e+00,5.808668100832144188e-03
4.380000000000000000e+02,7.876913454567582740e+00,7.876913454567582740e+00,4.557107260556169867e-03
4.390000000000000000e+02,7.876913426387233130e+00,7.876913426387233130e+00,5.811679010369340086e-03
4.400000000000000000e+02,7.876913398192018967e+00,7.876913398192018967e+00,4.559509668525850781e-03
4.410000000000000000e+02,7.876913369982348812e+00,7.876913369982348812e+00,5.814707943005084298e-03
4.420000000000000000e+02,7.876913341757824760e+00,7.876913341757824760e+00,4.561890713635389366e-03
4.430000000000000000e+02,7.876913313518631554e+00,7.876913313518631554e+00,5.817877401584322164e-03
4.440000000000000000e+02,7.876913285264247833e+00,7.876913285264247833e+00,4.564281090280103599e-03
4.450000000000000000e+02,7.876913256995560886e+00,7.876913256995560886e+00,5.820869680752541360e-03
4.460000000000000000e+02,7.876913228711953430e+00,7.876913228711953430e+00,4.566691345562877251e-03
4.470000000000000000e+02,7.876913200413889982e+00,7.876913200413889982e+00,5.823895397007497997e-03
4.480000000000000000e+02,7.876913172100908689e+00,7.876913172100908689e+00,4.569093775833113664e-03
4.490000000000000000e+02,7.876913143773366599e+00,7.876913143773366599e+00,5.826935603627596792e-03
4.500000000000000000e+02,7.876913115430935974e+00,7.876913115430935974e+00,4.571942060625786355e-03
4.510000000000000000e+02,7.876913087077332065e+00,7.876913087077332065e+00,5.829092227084233489e-03
4.520000000000000000e+02,7.876913058708736592e+00,7.876913058708736592e+00,4.574359336627937395e-03
4.530000000000000000e+02,7.876913030325694898e+00,7.876913030325694898e+00,5.832110400102202830e-03
4.540000000000000000e+02,7.876913001927684732e+00,7.876913001927684732e+00,4.576771332634788081e-03
4.550000000000000000e+02,7.876912973515128868e+00,7.876912973515128868e+00,5.835147995322241023e-03
4.560000000000000000e+02,7.876912945087607199e+00,7.876912945087607199e+00,4.579167050861018828e-03
4.570000000000000000e+02,7.876912916645365748e+00,7.876912916645365748e+00,5.837945057934246576e-03
4.580000000000000000e+02,7.876912888189211870e+00,7.876912888189211870e+00,4.581749872542489194e-03
4.590000000000000000e+02,7.876912859718700588e+00,7.876912859718700588e+00,5.840936807917761903e-03
4.600000000000000000e+02,7.876912831233160439e+00,7.876912831233160439e+00,4.584169557576075506e-03
4.610000000000000000e+02,7.876912802733072816e+00,7.876912802733072816e+00,5.843970468388794311e-03
4.620000000000000000e+02,7.876912774217965207e+00,7.876912774217965207e+00,4.586582124307540462e-03
4.630000000000000000e+02,7.876912745688206208e+00,7.876912745688206208e+00,5.847019612748380855e-03
4.640000000000000000e+02,7.876912717143447651e+00,7.876912717143447651e+00,4.588837290573790847e-03
4.650000000000000000e+02,7.876912688582756061e+00,7.876912688582756061e+00,5.850433893725493287e-03
4.660000000000000000e+02,7.876912660006950340e+00,7.876912660006950340e+00,4.591263682451300274e-03
4.670000000000000000e+02,7.876912631416614019e+00,7.876912631416614019e+00,5.853459524428721028e-03
4.680000000000000000e+02,7.876912602811194652e+00,7.876912602811194652e+00,4.593685320965352516e-03
4.690000000000000000e+02,7.876912574191133665e+00,7.876912574191133665e+00,5.856506504882914160e-03
4.700000000000000000e+02,7.876912545555997625e+00,7.876912545555997625e+00,4.596093920000403864e-03
4.710000000000000000e+02,7.876912516906071637e+00,7.876912516906071637e+00,5.859542677605937208e-03
4.720000000000000000e+02,7.876912488241234023e+00,7.876912488241234023e+00,4.598579305284114169e-03
4.730000000000000000e+02,7.876912459561999036e+00,7.876912459561999036e+00,5.862529224822655288e-03
4.740000000000000000e+02,7.876912430867622383e+00,7.876912430867622383e+00,4.601008554057709615e-03
4.750000000000000000e+02,7.876912402158602333e+00,7.876912402158602333e+00,5.865571972299898559e-03
4.760000000000000000e+02,7.876912373434450387e+00,7.876912373434450387e+00,4.603431203923430935e-03
4.770000000000000000e+02,7.876912344695555568e+00,7.876912344695555568e+00,5.868631041549250173e-03
4.780000000000000000e+02,7.876912315941541287e+00,7.876912315941541287e+00,4.605794445385188660e-03
4.790000000000000000e+02,7.876912287172267213e+00,7.876912287172267213e+00,5.871854570500757882e-03
4.800000000000000000e+02,7.876912258387744892e+00,7.876912258387744892e+00,4.608229335433315817e-03
4.810000000000000000e+02,7.876912229588609371e+00,7.876912229588609371e+00,5.874886907477390278e-03
4.820000000000000000e+02,7.876912200774276229e+00,7.876912200774276229e+00,4.610660619445683048e-03
4.830000000000000000e+02,7.876912171945207319e+00,7.876912171945207319e+00,5.877943242536595031e-03
4.840000000000000000e+02,7.876912143100949670e+00,7.876912143100949670e+00,4.613081037685937483e-03
4.850000000000000000e+02,7.876912114241823915e+00,7.876912114241823915e+00,5.881006887010323952e-03
4.860000000000000000e+02,7.876912085367588467e+00,7.876912085367588467e+00,4.615578945746576928e-03
4.870000000000000000e+02,7.876912056478969859e+00,7.876912056478969859e+00,5.883974739241412157e-03
4.880000000000000000e+02,7.876912027575091457e+00,7.876912027575091457e+00,4.618017767835443099e-03
4.890000000000000000e+02,7.876911998656479064e+00,7.876911998656479064e+00,5.887026177797840751e-03
4.900000000000000000e+02,7.876911969722621976e+00,7.876911969722621976e+00,4.620450386387230275e-03
4.910000000000000000e+02,7.876911940773926979e+00,7.876911940773926979e+00,5.890094826235189873e-03
4.920000000000000000e+02,7.876911911809995281e+00,7.876911911809995281e+00,4.622848501236999537e-03
4.930000000000000000e+02,7.876911882830907707e+00,7.876911882830907707e+00,5.893285123345261799e-03
4.940000000000000000e+02,7.876911853836421784e+00,7.876911853836421784e+00,4.625289820186790322e-03
4.950000000000000000e+02,7.876911824827235620e+00,7.876911824827235620e+00,5.896322968178578823e-03
4.960000000000000000e+02,7.876911795802743477e+00,7.876911795802743477e+00,4.627730760074623070e-03
4.970000000000000000e+02,7.876911766763416978e+00,7.876911766763416978e+00,5.899388545290351268e-03
4.980000000000000000e+02,7.876911737708788941e+00,7.876911737708788941e+00,4.630162354091756950e-03
4.990000000000000000e+02,7.876911708639209309e+00,7.876911708639209309e+00,5.902466664265548259e-03
5.000000000000000000e+02,7.876911679554375212e+00,7.876911679554375212e+00,4.632700036922570916e-03
5.010000000000000000e+02,7.876911650455329372e+00,7.876911650455329372e+00,5.905374228137724550e-03
5.020000000000000000e+02,7.876911621340907388e+00,7.876911621340907388e+00,4.635148429047351859e-03
5.030000000000000000e+02,7.876911592211659929e+00,7.876911592211659929e+00,5.908433973139205764e-03
5.040000000000000000e+02,7.876911563067052313e+00,7.876911563067052313e+00,4.637590944989505512e-03
5.050000000000000000e+02,7.876911533907511753e+00,7.876911533907511753e+00,5.911512024350412155e-03
5.060000000000000000e+02,7.876911504732623470e+00,7.876911504732623470e+00,4.640009951597317932e-03
5.070000000000000000e+02,7.876911475542567764e+00,7.876911475542567764e+00,5.914721819987919967e-03
5.080000000000000000e+02,7.876911446336871236e+00,7.876911446336871236e+00,4.642447307726883104e-03
5.090000000000000000e+02,7.876911417116402525e+00,7.876911417116402525e+00,5.917763293535305801e-03
5.100000000000000000e+02,7.876911387880513260e+00,7.876911387880513260e+00,4.644897922645240852e-03
5.110000000000000000e+02,7.876911358629691939e+00,7.876911358629691939e+00,5.920837970517499674e-03
5.120000000000000000e+02,7.876911329363456282e+00,7.876911329363456282e+00,4.647340282158949655e-03
5.130000000000000000e+02,7.876911300082180212e+00,7.876911300082180212e+00,5.923927323235822495e-03
5.140000000000000000e+02,7.876911270785521779e+00,7.876911270785521779e+00,4.650079066893384599e-03
5.150000000000000000e+02,7.876911241476076242e+00,7.876911241476076242e+00,5.926445534672660116e-03
5.160000000000000000e+02,7.876911212151137320e+00,7.876911212151137320e+00,4.652536951613497722e-03
5.170000000000000000e+02,7.876911182811280554e+00,7.876911182811280554e+00,5.929512839026604767e-03
5.180000000000000000e+02,7.876911153455952608e+00,7.876911153455952608e+00,4.654989302764060352e-03
5.190000000000000000e+02,7.876911124085598459e+00,7.876911124085598459e+00,5.932599889024089794e-03
5.200000000000000000e+02,7.876911094699782012e+00,7.876911094699782012e+00,4.657424173956099811e-03
5.210000000000000000e+02,7.876911065298751069e+00,7.876911065298751069e+00,5.934819369569696926e-03
5.220000000000000000e+02,7.876911035885719059e+00,7.876911035885719059e+00,4.660352476399069917e-03
5.230000000000000000e+02,7.876911006457856246e+00,7.876911006457856246e+00,5.937860060246907823e-03
5.240000000000000000e+02,7.876910977014466297e+00,7.876910977014466297e+00,4.662812701978515800e-03
5.250000000000000000e+02,7.876910947556051035e+00,7.876910947556051035e+00,5.940942454278158764e-03
5.260000000000000000e+02,7.876910918082113966e+00,7.876910918082113966e+00,4.665265477514813318e-03
5.270000000000000000e+02,7.876910888593048554e+00,7.876910888593048554e+00,5.944040658430614979e-03
5.280000000000000000e+02,7.876910859088482653e+00,7.876910859088482653e+00,4.667519851827620775e-03
5.290000000000000000e+02,7.876910829567161265e+00,7.876910829567161265e+00,5.947589518602354290e-03
5.300000000000000000e+02,7.876910800030223925e+00,7.876910800030223925e+00,4.669987031773294509e-03
5.310000000000000000e+02,7.876910770478275481e+00,7.876910770478275481e+00,5.950663794170579259e-03
5.320000000000000000e+02,7.876910740910748387e+00,7.876910740910748387e+00,4.672449207932452900e-03
5.330000000000000000e+02,7.876910711328095616e+00,7.876910711328095616e+00,5.953759795641860864e-03
5.340000000000000000e+02,7.876910681729867747e+00,7.876910681729867747e+00,4.674897626920549235e-03
5.350000000000000000e+02,7.876910652116356992e+00,7.876910652116356992e+00,5.956840640586621646e-03
5.360000000000000000e+02,7.876910622487463876e+00,7.876910622487463876e+00,4.677426974616834439e-03
5.370000000000000000e+02,7.876910592843697323e+00,7.876910592843697323e+00,5.959876022422505928e-03
5.380000000000000000e+02,7.876910563184283731e+00,7.876910563184283731e+00,4.679896973960998886e-03
5.390000000000000000e+02,7.876910533509748902e+00,7.876910533509748902e+00,5.962967599505579301e-03
5.400000000000000000e+02,7.876910503819577691e+00,7.876910503819577691e+00,4.682360107871720231e-03
5.410000000000000000e+02,7.876910474114178662e+00,7.876910474114178662e+00,5.966075897680911747e-03
5.420000000000000000e+02,7.876910444393160127e+00,7.876910444393160127e+00,4.684758849616501956e-03
5.430000000000000000e+02,7.876910414656348003e+00,7.876910414656348003e+00,5.969359787468456365e-03
5.440000000000000000e+02,7.876910384903783147e+00,7.876910384903783147e+00,4.687234732543199035e-03
5.450000000000000000e+02,7.876910355136122810e+00,7.876910355136122810e+00,5.972440682735385455e-03
5.460000000000000000e+02,7.876910325352763032e+00,7.876910325352763032e+00,4.689706769056737647e-03
5.470000000000000000e+02,7.876910295554182539e+00,7.876910295554182539e+00,5.975546087073448261e-03
5.480000000000000000e+02,7.876910265739910599e+00,7.876910265739910599e+00,4.692167481076442263e-03
5.490000000000000000e+02,7.876910235910277613e+00,7.876910235910277613e+00,5.978658562060408174e-03
5.500000000000000000e+02,7.876910206065039333e+00,7.876910206065039333e+00,4.694707798451242843e-03
5.510000000000000000e+02,7.876910176204942715e+00,7.876910176204942715e+00,5.981674311451283359e-03
5.520000000000000000e+02,7.876910146329081819e+00,7.876910146329081819e+00,4.697187575543645098e-03
5.530000000000000000e+02,7.876910116438003762e+00,7.876910116438003762e+00,5.984774589243919279e-03
5.540000000000000000e+02,7.876910086531172972e+00,7.876910086531172972e+00,4.699660924764864980e-03
5.550000000000000000e+02,7.876910056609017552e+00,7.876910056609017552e+00,5.987892536541447423e-03
5.560000000000000000e+02,7.876910026671120058e+00,7.876910026671120058e+00,4.702098330673758382e-03
5.570000000000000000e+02,7.876909996717562201e+00,7.876909996717562201e+00,5.991136359604424567e-03
5.580000000000000000e+02,7.876909966748093517e+00,7.876909966748093517e+00,4.704580709358199657e-03
5.590000000000000000e+02,7.876909936763444975e+00,7.876909936763444975e+00,5.994222548018723722e-03
5.600000000000000000e+02,7.876909906762982416e+00,7.876909906762982416e+00,4.707062612278670177e-03
5.610000000000000000e+02,7.876909876747197892e+00,7.876909876747197892e+00,5.997337230871545993e-03
5.620000000000000000e+02,7.876909846715604679e+00,7.876909846715604679e+00,4.709534857204408613e-03
5.630000000000000000e+02,7.876909816668566044e+00,7.876909816668566044e+00,6.000464806503141672e-03
5.640000000000000000e+02,7.876909786605770236e+00,7.876909786605770236e+00,4.712117230302254739e-03
5.650000000000000000e+02,7.876909756528309714e+00,7.876909756528309714e+00,6.003415311396446616e-03
5.660000000000000000e+02,7.876909726434964121e+00,7.876909726434964121e+00,4.714606777723865869e-03
5.670000000000000000e+02,7.876909696326303667e+00,7.876909696326303667e+00,6.006523858145809344e-03
5.680000000000000000e+02,7.876909666201775018e+00,7.876909666201775018e+00,4.717090254856961228e-03
5.690000000000000000e+02,7.876909636061824926e+00,7.876909636061824926e+00,6.009651253505004717e-03
5.700000000000000000e+02,7.876909605906015521e+00,7.876909605906015521e+00,4.719549701926614889e-03
5.710000000000000000e+02,7.876909575734542202e+00,7.876909575734542202e+00,6.012916645975507554e-03
5.720000000000000000e+02,7.876909545546894265e+00,7.876909545546894265e+00,4.722026617336692877e-03
5.730000000000000000e+02,7.876909515343992751e+00,7.876909515343992751e+00,6.016006007429804993e-03
5.740000000000000000e+02,7.876909485125159982e+00,7.876909485125159982e+00,4.724518403818147791e-03
5.750000000000000000e+02,7.876909454890903994e+00,7.876909454890903994e+00,6.019129810460785088e-03
5.760000000000000000e+02,7.876909424640724744e+00,7.876909424640724744e+00,4.727001707444092662e-03
5.770000000000000000e+02,7.876909394375010365e+00,7.876909394375010365e+00,6.022268768444506704e-03
5.780000000000000000e+02,7.876909364093400256e+00,7.876909364093400256e+00,4.729836019872639408e-03
5.790000000000000000e+02,7.876909333798976398e+00,7.876909333798976398e+00,6.024725879371055012e-03
5.800000000000000000e+02,7.876909303488544012e+00,7.876909303488544012e+00,4.732335239210715312e-03
5.810000000000000000e+02,7.876909273162706171e+00,7.876909273162706171e+00,6.027841801451556090e-03
5.820000000000000000e+02,7.876909242820882895e+00,7.876909242820882895e+00,4.734828765970937672e-03
5.830000000000000000e+02,7.876909212463543142e+00,7.876909212463543142e+00,6.030978140784283743e-03
5.840000000000000000e+02,7.876909182090228612e+00,7.876909182090228612e+00,4.737304620582419995e-03
5.850000000000000000e+02,7.876909151701201317e+00,7.876909151701201317e+00,6.033743637852023202e-03
5.860000000000000000e+02,7.876909121297796190e+00,7.876909121297796190e+00,4.740036003141925511e-03
5.870000000000000000e+02,7.876909090879078867e+00,7.876909090879078867e+00,6.036831597134557394e-03
5.880000000000000000e+02,7.876909060444315713e+00,7.876909060444315713e+00,4.742537635517736321e-03
5.890000000000000000e+02,7.876909029994038747e+00,7.876909029994038747e+00,6.039963461279143978e-03
5.900000000000000000e+02,7.876908999527722166e+00,7.876908999527722166e+00,4.745031636542078844e-03
5.910000000000000000e+02,7.876908969045778974e+00,7.876908969045778974e+00,6.043111673072215466e-03
5.920000000000000000e+02,7.876908938547820149e+00,7.876908938547820149e+00,4.747355253798025108e-03
5.930000000000000000e+02,7.876908908032806522e+00,7.876908908032806522e+00,6.046653406210273675e-03
5.940000000000000000e+02,7.876908877501653805e+00,7.876908877501653805e+00,4.749863934056382589e-03
5.950000000000000000e+02,7.876908846955004151e+00,7.876908846955004151e+00,6.049776505254422267e-03
5.960000000000000000e+02,7.876908816392252710e+00,7.876908816392252710e+00,4.752367528032862623e-03
5.970000000000000000e+02,7.876908785813881764e+00,7.876908785813881764e+00,6.052922225750515146e-03
5.980000000000000000e+02,7.876908755219416136e+00,7.876908755219416136e+00,4.754857287273752016e-03
5.990000000000000000e+02,7.876908724609172019e+00,7.876908724609172019e+00,6.056057706008126200e-03
6.000000000000000000e+02,7.876908693983004639e+00,7.876908693983004639e+00,4.757428543605037030e-03
6.010000000000000000e+02,7.876908663341495753e+00,7.876908663341495753e+00,6.059138110611233217e-03
6.020000000000000000e+02,7.876908632683817579e+00,7.876908632683817579e+00,4.759940149936077274e-03
6.030000000000000000e+02,7.876908602010524341e+00,7.876908602010524341e+00,6.062279088931521280e-03
6.040000000000000000e+02,7.876908571321070696e+00,7.876908571321070696e+00,4.762444734445414433e-03
6.050000000000000000e+02,7.876908540615893628e+00,7.876908540615893628e+00,6.065437379815141923e-03
6.060000000000000000e+02,7.876908509894573918e+00,7.876908509894573918e+00,4.764889543090298878e-03
6.070000000000000000e+02,7.876908479156989884e+00,7.876908479156989884e+00,6.068763655278789151e-03
6.080000000000000000e+02,7.876908448403125540e+00,7.876908448403125540e+00,4.767406870742443500e-03
6.090000000000000000e+02,7.876908417633672777e+00,7.876908417633672777e+00,6.071893051406260407e-03
6.100000000000000000e+02,7.876908386847998322e+00,7.876908386847998322e+00,4.769920533065401258e-03
6.110000000000000000e+02,7.876908356046603998e+00,7.876908356046603998e+00,6.075048197017425371e-03
6.120000000000000000e+02,7.876908325228994201e+00,7.876908325228994201e+00,4.772422837933285381e-03
6.130000000000000000e+02,7.876908294395525090e+00,7.876908294395525090e+00,6.078212115409066356e-03
6.140000000000000000e+02,7.876908263545921329e+00,7.876908263545921329e+00,4.775009875500589758e-03
6.150000000000000000e+02,7.876908232681012478e+00,7.876908232681012478e+00,6.081266676630078458e-03
6.160000000000000000e+02,7.876908201799812659e+00,7.876908201799812659e+00,4.777531459056928546e-03
6.170000000000000000e+02,7.876908170902895634e+00,7.876908170902895634e+00,6.084416280749006117e-03
6.180000000000000000e+02,7.876908139989705404e+00,7.876908139989705404e+00,4.780046474648961229e-03
6.190000000000000000e+02,7.876908109060686947e+00,7.876908109060686947e+00,6.087584238946173662e-03
6.200000000000000000e+02,7.876908078115403278e+00,7.876908078115403278e+00,4.782527527732587623e-03
6.210000000000000000e+02,7.876908047153967196e+00,7.876908047153967196e+00,6.090879059415922267e-03
6.220000000000000000e+02,7.876908016176073168e+00,7.876908016176073168e+00,4.785050370845206000e-03
6.230000000000000000e+02,7.876907985182509009e+00,7.876907985182509009e+00,6.094013165575256318e-03
6.240000000000000000e+02,7.876907954172603255e+00,7.876907954172603255e+00,4.787574106502661894e-03
6.250000000000000000e+02,7.876907923146875490e+00,7.876907923146875490e+00,6.097177595687725341e-03
6.260000000000000000e+02,7.876907892104813236e+00,7.876907892104813236e+00,4.790088163239544783e-03
6.270000000000000000e+02,7.876907861046801074e+00,7.876907861046801074e+00,6.100355918143942832e-03
6.280000000000000000e+02,7.876907829972501496e+00,7.876907829972501496e+00,4.792731987244642534e-03
6.290000000000000000e+02,7.876907798883205025e+00,7.876907798883205025e+00,6.103316306670531106e-03
6.300000000000000000e+02,7.876907767777493241e+00,7.876907767777493241e+00,4.795263526217045762e-03
6.310000000000000000e+02,7.876907736655968328e+00,7.876907736655968328e+00,6.106474023836472483e-03
6.320000000000000000e+02,7.876907705518044978e+00,7.876907705518044978e+00,4.797788877136516077e-03
6.330000000000000000e+02,7.876907674364200140e+00,7.876907674364200140e+00,6.109651427024862316e-03
6.340000000000000000e+02,7.876907643193963970e+00,7.876907643193963970e+00,4.800291328650784471e-03
6.350000000000000000e+02,7.876907612007566506e+00,7.876907612007566506e+00,6.112995143542503812e-03
6.360000000000000000e+02,7.876907580804340725e+00,7.876907580804340725e+00,4.802797090133448590e-03
6.370000000000000000e+02,7.876907549585371981e+00,7.876907549585371981e+00,6.116131332394227939e-03
6.380000000000000000e+02,7.876907518349939963e+00,7.876907518349939963e+00,4.805330916362616882e-03
6.390000000000000000e+02,7.876907487098586458e+00,7.876907487098586458e+00,6.119304863506991495e-03
6.400000000000000000e+02,7.876907455830776783e+00,7.876907455830776783e+00,4.807856234494966088e-03
6.410000000000000000e+02,7.876907424546923941e+00,7.876907424546923941e+00,6.122494323360311644e-03
6.420000000000000000e+02,7.876907393246650457e+00,7.876907393246650457e+00,4.811623664303849024e-03
6.430000000000000000e+02,7.876907361940272523e+00,7.876907361940272523e+00,6.123166100679741652e-03
6.440000000000000000e+02,7.876907330617358483e+00,7.876907330617358483e+00,4.814164899139388928e-03
6.450000000000000000e+02,7.876907299278545160e+00,7.876907299278545160e+00,6.126329382822536494e-03
6.460000000000000000e+02,7.876907267923223266e+00,7.876907267923223266e+00,4.816700394587200736e-03
6.470000000000000000e+02,7.876907236551882185e+00,7.876907236551882185e+00,6.129514125502255259e-03
6.480000000000000000e+02,7.876907205164040526e+00,7.876907205164040526e+00,4.819219005747472397e-03
6.490000000000000000e+02,7.876907173759994052e+00,7.876907173759994052e+00,6.132604528570235157e-03
6.500000000000000000e+02,7.876907142339976353e+00,7.876907142339976353e+00,4.821860933605904252e-03
6.510000000000000000e+02,7.876907110904173948e+00,7.876907110904173948e+00,6.135735611658486681e-03
6.520000000000000000e+02,7.876907079451793692e+00,7.876907079451793692e+00,4.824404720088869628e-03
6.530000000000000000e+02,7.876907047983398691e+00,7.876907047983398691e+00,6.138915746503929849e-03
6.540000000000000000e+02,7.876907016498439162e+00,7.876907016498439162e+00,4.826940858065309828e-03
6.550000000000000000e+02,7.876906984997351202e+00,7.876906984997351202e+00,6.142112933692513849e-03
6.560000000000000000e+02,7.876906953479713813e+00,7.876906953479713813e+00,4.829364101643656218e-03
6.570000000000000000e+02,7.876906921944973661e+00,7.876906921944973661e+00,6.145585858249123096e-03
6.580000000000000000e+02,7.876906890393554406e+00,7.876906890393554406e+00,4.831914799734577694e-03
6.590000000000000000e+02,7.876906858826144386e+00,7.876906858826144386e+00,6.148755984191680082e-03
6.600000000000000000e+02,7.876906827242101450e+00,7.876906827242101450e+00,4.834460592429282340e-03
6.610000000000000000e+02,7.876906795641937187e+00,7.876906795641937187e+00,6.151950225535887488e-03
6.620000000000000000e+02,7.876906764025148888e+00,7.876906764025148888e+00,4.836993136889876539e-03
6.630000000000000000e+02,7.876906732392081167e+00,7.876906732392081167e+00,6.155144267871826697e-03
6.640000000000000000e+02,7.876906700742520862e+00,7.876906700742520862e+00,4.839607323695259943e-03
6.650000000000000000e+02,7.876906669077166079e+00,7.876906669077166079e+00,6.158261730251596983e-03
6.660000000000000000e+02,7.876906637395107325e+00,7.876906637395107325e+00,4.842161293176561361e-03
6.670000000000000000e+02,7.876906605696933461e+00,7.876906605696933461e+00,6.161450736017288522e-03
6.680000000000000000e+02,7.876906573982070725e+00,7.876906573982070725e+00,4.844708216398195891e-03
6.690000000000000000e+02,7.876906542250977417e+00,7.876906542250977417e+00,6.164657834311442451e-03
6.700000000000000000e+02,7.876906510503210335e+00,7.876906510503210335e+00,4.847206936793448974e-03
6.710000000000000000e+02,7.876906478738760597e+00,7.876906478738760597e+00,6.168013113715091131e-03
6.720000000000000000e+02,7.876906446957477215e+00,7.876906446957477215e+00,4.849765637414837731e-03
6.730000000000000000e+02,7.876906415160115138e+00,7.876906415160115138e+00,6.171188730137999734e-03
6.740000000000000000e+02,7.876906383345995799e+00,7.876906383345995799e+00,4.852321715908668003e-03
6.750000000000000000e+02,7.876906351515654769e+00,7.876906351515654769e+00,6.174392338027884231e-03
6.760000000000000000e+02,7.876906319668562695e+00,7.876906319668562695e+00,4.854866877769879567e-03
6.770000000000000000e+02,7.876906287805107709e+00,7.876906287805107709e+00,6.177607713112200256e-03
6.780000000000000000e+02,7.876906255924969180e+00,7.876906255924969180e+00,4.857510328375670185e-03
6.790000000000000000e+02,7.876906224029155190e+00,7.876906224029155190e+00,6.180679739956820330e-03
6.800000000000000000e+02,7.876906192116509331e+00,7.876906192116509331e+00,4.860074477117427849e-03
6.810000000000000000e+02,7.876906160187646222e+00,7.876906160187646222e+00,6.183877106293356012e-03
6.820000000000000000e+02,7.876906128241972560e+00,7.876906128241972560e+00,4.862632033606703770e-03
6.830000000000000000e+02,7.876906096279965297e+00,7.876906096279965297e+00,6.187093791350635474e-03
6.840000000000000000e+02,7.876906064301156363e+00,7.876906064301156363e+00,4.865160621153088484e-03
6.850000000000000000e+02,7.876906032305724281e+00,7.876906032305724281e+00,6.190442665574845231e-03
6.860000000000000000e+02,7.876906000293232069e+00,7.876906000293232069e+00,4.867720279765028711e-03
6.870000000000000000e+02,7.876905968264584779e+00,7.876905968264584779e+00,6.193621577638769131e-03
6.880000000000000000e+02,7.876905936219053217e+00,7.876905936219053217e+00,4.870286650245956618e-03
6.890000000000000000e+02,7.876905904157195160e+00,7.876905904157195160e+00,6.196834378740886766e-03
6.900000000000000000e+02,7.876905872078463489e+00,7.876905872078463489e+00,4.872843668926001362e-03
6.910000000000000000e+02,7.876905839983276536e+00,7.876905839983276536e+00,6.200062539904162284e-03
6.920000000000000000e+02,7.876905807871256826e+00,7.876905807871256826e+00,4.875616292078504763e-03
6.930000000000000000e+02,7.876905775744449834e+00,7.876905775744449834e+00,6.202894454682536876e-03
6.940000000000000000e+02,7.876905743600683074e+00,7.876905743600683074e+00,4.878190548382576458e-03
6.950000000000000000e+02,7.876905711440602254e+00,7.876905711440602254e+00,6.206099430759415628e-03
6.960000000000000000e+02,7.876905679263584759e+00,7.876905679263584759e+00,4.880758634306814336e-03
6.970000000000000000e+02,7.876905647070134187e+00,7.876905647070134187e+00,6.209325374257172042e-03
6.980000000000000000e+02,7.876905614859755822e+00,7.876905614859755822e+00,4.883306621199852426e-03
6.990000000000000000e+02,7.876905582632725888e+00,7.876905582632725888e+00,6.213284218156976332e-03
7.000000000000000000e+02,7.876905550386053001e+00,7.876905550386053001e+00,4.885580275422463960e-03
7.010000000000000000e+02,7.876905518123157535e+00,7.876905518123157535e+00,6.216462893971467021e-03
7.020000000000000000e+02,7.876905485843253452e+00,7.876905485843253452e+00,4.888156984930901866e-03
7.030000000000000000e+02,7.876905453546917180e+00,7.876905453546917180e+00,6.219685022321118882e-03
7.040000000000000000e+02,7.876905421233581173e+00,7.876905421233581173e+00,4.890725418374755259e-03
7.050000000000000000e+02,7.876905388903691296e+00,7.876905388903691296e+00,6.222924114395256626e-03
7.060000000000000000e+02,7.876905356556828330e+00,7.876905356556828330e+00,4.893027390008551809e-03
7.070000000000000000e+02,7.876905324191159963e+00,7.876905324191159963e+00,6.226756149193117887e-03
7.080000000000000000e+02,7.876905291808385279e+00,7.876905291808385279e+00,4.895611619759330027e-03
7.090000000000000000e+02,7.876905259409197058e+00,7.876905259409197058e+00,6.229969364653263446e-03
7.100000000000000000e+02,7.876905226992940712e+00,7.876905226992940712e+00,4.898190283678888722e-03
7.110000000000000000e+02,7.876905194560142043e+00,7.876905194560142043e+00,6.233205922795024764e-03
7.120000000000000000e+02,7.876905162110283243e+00,7.876905162110283243e+00,4.900753726009889240e-03
7.130000000000000000e+02,7.876905129643702708e+00,7.876905129643702708e+00,6.236423781858766585e-03
7.140000000000000000e+02,7.876905097160287639e+00,7.876905097160287639e+00,4.903406679746947008e-03
7.150000000000000000e+02,7.876905064660615352e+00,7.876905064660615352e+00,6.239594692049487377e-03
7.160000000000000000e+02,7.876905032143803886e+00,7.876905032143803886e+00,4.905993762687664746e-03
7.170000000000000000e+02,7.876904999610454539e+00,7.876904999610454539e+00,6.242826134269650017e-03
7.180000000000000000e+02,7.876904967059976670e+00,7.876904967059976670e+00,4.908573311785068526e-03
7.190000000000000000e+02,7.876904934492845456e+00,7.876904934492845456e+00,6.246075654295562413e-03
7.200000000000000000e+02,7.876904901908602596e+00,7.876904901908602596e+00,4.911083938862566799e-03
7.210000000000000000e+02,7.876904869307074897e+00,7.876904869307074897e+00,6.249513595510750030e-03
7.220000000000000000e+02,7.876904836688289002e+00,7.876904836688289002e+00,4.913677219722843194e-03
7.230000000000000000e+02,7.876904804052996312e+00,7.876904804052996312e+00,6.252732928838490925e-03
7.240000000000000000e+02,7.876904771400507599e+00,7.876904771400507599e+00,4.916266358746564438e-03
7.250000000000000000e+02,7.876904738731371758e+00,7.876904738731371758e+00,6.255978987803756906e-03
7.260000000000000000e+02,7.876904706045047888e+00,7.876904706045047888e+00,4.918843271032990322e-03
7.270000000000000000e+02,7.876904673341921459e+00,7.876904673341921459e+00,6.259233484122142012e-03
7.280000000000000000e+02,7.876904640621699372e+00,7.876904640621699372e+00,4.921508792599148426e-03
7.290000000000000000e+02,7.876904607885268916e+00,7.876904607885268916e+00,6.262376907670725093e-03
7.300000000000000000e+02,7.876904575131565167e+00,7.876904575131565167e+00,4.924106239108101517e-03
7.310000000000000000e+02,7.876904542361221395e+00,7.876904542361221395e+00,6.265616973819635935e-03
7.320000000000000000e+02,7.876904509573622981e+00,7.876904509573622981e+00,4.926696688401640753e-03
7.330000000000000000e+02,7.876904476769264640e+00,7.876904476769264640e+00,6.268876276801989798e-03
7.340000000000000000e+02,7.876904443947665868e+00,7.876904443947665868e+00,4.929250571462748254e-03
7.350000000000000000e+02,7.876904411108945681e+00,7.876904411108945681e+00,6.272270224234168488e-03
7.360000000000000000e+02,7.876904378252779004e+00,7.876904378252779004e+00,4.931849483740730067e-03
7.370000000000000000e+02,7.876904345380020267e+00,7.876904345380020267e+00,6.275493813975405351e-03
7.380000000000000000e+02,7.876904312489939386e+00,7.876904312489939386e+00,4.934449094051249901e-03
7.390000000000000000e+02,7.876904279583103907e+00,7.876904279583103907e+00,6.278749208116560579e-03
7.400000000000000000e+02,7.876904246658954278e+00,7.876904246658954278e+00,4.937038434976612385e-03
7.410000000000000000e+02,7.876904213717910608e+00,7.876904213717910608e+00,6.282019183880759375e-03
7.420000000000000000e+02,7.876904180759604301e+00,7.876904180759604301e+00,4.939766274238558894e-03
7.430000000000000000e+02,7.876904147785448451e+00,7.876904147785448451e+00,6.285056743839298118e-03
7.440000000000000000e+02,7.876904114793889633e+00,7.876904114793889633e+00,4.942374052248054220e-03
7.450000000000000000e+02,7.876904081785587763e+00,7.876904081785587763e+00,6.288304819732605348e-03
7.460000000000000000e+02,7.876904048759904242e+00,7.876904048759904242e+00,4.944975271731526928e-03
7.470000000000000000e+02,7.876904015717356877e+00,7.876904015717356877e+00,6.291573634063250646e-03
7.480000000000000000e+02,7.876903982657437631e+00,7.876903982657437631e+00,4.947552598693812434e-03
7.490000000000000000e+02,7.876903949580400521e+00,7.876903949580400521e+00,6.295027448089362404e-03
7.500000000000000000e+02,7.876903916485475499e+00,7.876903916485475499e+00,4.950128313005592619e-03
7.510000000000000000e+02,7.876903883373886472e+00,7.876903883373886472e+00,6.298252109744273408e-03
7.520000000000000000e+02,7.876903850244846517e+00,7.876903850244846517e+00,4.952738407622000322e-03
7.530000000000000000e+02,7.876903817098944494e+00,7.876903817098944494e+00,6.301516625123169436e-03
7.540000000000000000e+02,7.876903783935597758e+00,7.876903783935597758e+00,4.955339558311276128e-03
7.550000000000000000e+02,7.876903750755262834e+00,7.876903750755262834e+00,6.304797976885287945e-03
7.560000000000000000e+02,7.876903717557857121e+00,7.876903717557857121e+00,4.973780442845025102e-03
7.570000000000000000e+02,7.876903684470902611e+00,7.876903684470902611e+00,6.275915829596550276e-03
7.580000000000000000e+02,7.876903651366538028e+00,7.876903651366538028e+00,4.976396461457486924e-03
7.590000000000000000e+02,7.876903618245452599e+00,7.876903618245452599e+00,6.279143455146895050e-03
7.600000000000000000e+02,7.876903585106989958e+00,7.876903585106989958e+00,4.979006622246449909e-03
7.610000000000000000e+02,7.876903551951679461e+00,7.876903551951679461e+00,6.282393218657660386e-03
7.620000000000000000e+02,7.876903518779001523e+00,7.876903518779001523e+00,4.981600363360325426e-03
7.630000000000000000e+02,7.876903485589296317e+00,7.876903485589296317e+00,6.285604143225688445e-03
7.640000000000000000e+02,7.876903452382529203e+00,7.876903452382529203e+00,4.984295427242456389e-03
7.650000000000000000e+02,7.876903419159178021e+00,7.876903419159178021e+00,6.288792957771020993e-03
7.660000000000000000e+02,7.876903385918379463e+00,7.876903385918379463e+00,4.986914276282921298e-03
7.670000000000000000e+02,7.876903352660738378e+00,7.876903352660738378e+00,6.292037539066030853e-03
7.680000000000000000e+02,7.876903319385660573e+00,7.876903319385660573e+00,4.989525480920035429e-03
7.690000000000000000e+02,7.876903286093624779e+00,7.876903286093624779e+00,6.295299711290831650e-03
7.700000000000000000e+02,7.876903252784170029e+00,7.876903252784170029e+00,4.992063905768400964e-03
7.710000000000000000e+02,7.876903219457120464e+00,7.876903219457120464e+00,6.298755215371589118e-03
7.720000000000000000e+02,7.876903186112500066e+00,7.876903186112500066e+00,4.994689066471822043e-03
7.730000000000000000e+02,7.876903152751070003e+00,7.876903152751070003e+00,6.301987472475239702e-03
7.740000000000000000e+02,7.876903119372134832e+00,7.876903119372134832e+00,4.997310176193949655e-03
7.750000000000000000e+02,7.876903085976248775e+00,7.876903085976248775e+00,6.305246083605541355e-03
7.760000000000000000e+02,7.876903052562864715e+00,7.876903052562864715e+00,4.999919180879311767e-03
7.770000000000000000e+02,7.876903019132381445e+00,7.876903019132381445e+00,6.308513761674533309e-03
7.780000000000000000e+02,7.876902985684483660e+00,7.876902985684483660e+00,5.002622353894415480e-03
7.790000000000000000e+02,7.876902952220102172e+00,7.876902952220102172e+00,6.311661268857069081e-03
7.800000000000000000e+02,7.876902918738135639e+00,7.876902918738135639e+00,5.005251960365024975e-03
7.810000000000000000e+02,7.876902885239227992e+00,7.876902885239227992e+00,6.314913520300335925e-03
7.820000000000000000e+02,7.876902851722755727e+00,7.876902851722755727e+00,5.007874671181759309e-03
7.830000000000000000e+02,7.876902818189221556e+00,7.876902818189221556e+00,6.318184899583902288e-03
7.840000000000000000e+02,7.876902784638134314e+00,7.876902784638134314e+00,5.010465259513496167e-03
7.850000000000000000e+02,7.876902751069675190e+00,7.876902751069675190e+00,6.321591238999784042e-03
7.860000000000000000e+02,7.876902717483415195e+00,7.876902717483415195e+00,5.013091966647629898e-03
7.870000000000000000e+02,7.876902683880267375e+00,7.876902683880267375e+00,6.324824802290478568e-03
7.880000000000000000e+02,7.876902650259484773e+00,7.876902650259484773e+00,5.015723982328092710e-03
7.890000000000000000e+02,7.876902616621649145e+00,7.876902616621649145e+00,6.328092006413234966e-03
7.900000000000000000e+02,7.876902582966182287e+00,7.876902582966182287e+00,5.018346326808593126e-03
7.910000000000000000e+02,7.876902549293530065e+00,7.876902549293530065e+00,6.331374554002629218e-03
7.920000000000000000e+02,7.876902515603293686e+00,7.876902515603293686e+00,5.021219966569197453e-03
7.930000000000000000e+02,7.876902481897777086e+00,7.876902481897777086e+00,6.334202111673908550e-03
7.940000000000000000e+02,7.876902448174535110e+00,7.876902448174535110e+00,5.023860187027106260e-03
7.950000000000000000e+02,7.876902414434256983e+00,7.876902414434256983e+00,6.337460805524379459e-03
7.960000000000000000e+02,7.876902380676284565e+00,7.876902380676284565e+00,5.026494144157973160e-03
7.970000000000000000e+02,7.876902346901149876e+00,7.876902346901149876e+00,6.340740844943511083e-03
7.980000000000000000e+02,7.876902313108328002e+00,7.876902313108328002e+00,5.029108607518676007e-03
7.990000000000000000e+02,7.876902279298137799e+00,7.876902279298137799e+00,6.343690418800272159e-03
8.000000000000000000e+02,7.876902245471749886e+00,7.876902245471749886e+00,5.031972319616152996e-03
8.010000000000000000e+02,7.876902211628435069e+00,7.876902211628435069e+00,6.346917543078880140e-03
8.020000000000000000e+02,7.876902177767351354e+00,7.876902177767351354e+00,5.034615196757651935e-03
8.030000000000000000e+02,7.876902143889115138e+00,7.876902143889115138e+00,6.350192323126194367e-03
8.040000000000000000e+02,7.876902109993121570e+00,7.876902109993121570e+00,5.037249867896846992e-03
8.050000000000000000e+02,7.876902076079852044e+00,7.876902076079852044e+00,6.353484450087494573e-03
8.060000000000000000e+02,7.876902042148850924e+00,7.876902042148850924e+00,5.039756918595484671e-03
8.070000000000000000e+02,7.876902008199486716e+00,7.876902008199486716e+00,6.357078818028775308e-03
8.080000000000000000e+02,7.876901974232246140e+00,7.876901974232246140e+00,5.042407114257677590e-03
8.090000000000000000e+02,7.876901940247878819e+00,7.876901940247878819e+00,6.360342680205861854e-03
8.100000000000000000e+02,7.876901906245683094e+00,7.876901906245683094e+00,5.045052201416553098e-03
8.110000000000000000e+02,7.876901872226222956e+00,7.876901872226222956e+00,6.363631479785545296e-03
8.120000000000000000e+02,7.876901838188944183e+00,7.876901838188944183e+00,5.047683567630485008e-03
8.130000000000000000e+02,7.876901804134235796e+00,7.876901804134235796e+00,6.366922560340606066e-03
8.140000000000000000e+02,7.876901770061833119e+00,7.876901770061833119e+00,5.050403840818111501e-03
8.150000000000000000e+02,7.876901735972539953e+00,7.876901735972539953e+00,6.370124382631844190e-03
8.160000000000000000e+02,7.876901701865341998e+00,7.876901701865341998e+00,5.053057640582297831e-03
8.170000000000000000e+02,7.876901667740884960e+00,7.876901667740884960e+00,6.373407154857581823e-03
8.180000000000000000e+02,7.876901633598540009e+00,7.876901633598540009e+00,5.055704143723713760e-03
8.190000000000000000e+02,7.876901599438817847e+00,7.876901599438817847e+00,6.376708772132083126e-03
8.200000000000000000e+02,7.876901565261220206e+00,7.876901565261220206e+00,5.058308773293668757e-03
8.210000000000000000e+02,7.876901531065851003e+00,7.876901531065851003e+00,6.380152228756840772e-03
8.220000000000000000e+02,7.876901496852409146e+00,7.876901496852409146e+00,5.060965274777166033e-03
8.230000000000000000e+02,7.876901462621758832e+00,7.876901462621758832e+00,6.383418671935652162e-03
8.240000000000000000e+02,7.876901428373146885e+00,7.876901428373146885e+00,5.063621434706791317e-03
8.250000000000000000e+02,7.876901394107163945e+00,7.876901394107163945e+00,6.386716172485318310e-03
8.260000000000000000e+02,7.876901359823230919e+00,7.876901359823230919e+00,5.066266973714104831e-03
8.270000000000000000e+02,7.876901325521784791e+00,7.876901325521784791e+00,6.390027928863237575e-03
8.280000000000000000e+02,7.876901291202441868e+00,7.876901291202441868e+00,5.069058766958228247e-03
8.290000000000000000e+02,7.876901256866656986e+00,7.876901256866656986e+00,6.393101075562685441e-03
8.300000000000000000e+02,7.876901222512824319e+00,7.876901222512824319e+00,5.071723409172926647e-03
8.310000000000000000e+02,7.876901188141638421e+00,7.876901188141638421e+00,6.396390797959305465e-03
8.320000000000000000e+02,7.876901153752428719e+00,7.876901153752428719e+00,5.074381413513528311e-03
8.330000000000000000e+02,7.876901119345738778e+00,7.876901119345738778e+00,6.399701344040882416e-03
8.340000000000000000e+02,7.876901084921039242e+00,7.876901084921039242e+00,5.077016248208176402e-03
8.350000000000000000e+02,7.876901050478614330e+00,7.876901050478614330e+00,6.403278144891733255e-03
8.360000000000000000e+02,7.876901016017328949e+00,7.876901016017328949e+00,5.079608011837936227e-03
8.370000000000000000e+02,7.876900981538777380e+00,7.876900981538777380e+00,6.406541632196790549e-03
8.380000000000000000e+02,7.876900947042129175e+00,7.876900947042129175e+00,5.082275227325423923e-03
8.390000000000000000e+02,7.876900912528005172e+00,7.876900912528005172e+00,6.409847540519209019e-03
8.400000000000000000e+02,7.876900877995795192e+00,7.876900877995795192e+00,5.084933629351729399e-03
8.410000000000000000e+02,7.876900843445983291e+00,7.876900843445983291e+00,6.413170568348161224e-03
8.420000000000000000e+02,7.876900808878112947e+00,7.876900808878112947e+00,5.087284780647017592e-03
8.430000000000000000e+02,7.876900774290096052e+00,7.876900774290096052e+00,6.417156885148976066e-03
8.440000000000000000e+02,7.876900739683882158e+00,7.876900739683882158e+00,5.089959924845750133e-03
8.450000000000000000e+02,7.876900705060211116e+00,7.876900705060211116e+00,6.420453123840821723e-03
8.460000000000000000e+02,7.876900670418379491e+00,7.876900670418379491e+00,5.092629301930256397e-03
8.470000000000000000e+02,7.876900635758960156e+00,7.876900635758960156e+00,6.423773346338876658e-03
8.480000000000000000e+02,7.876900601081390008e+00,7.876900601081390008e+00,5.095283113952414275e-03
8.490000000000000000e+02,7.876900566386048297e+00,7.876900566386048297e+00,6.427081870435120102e-03
8.500000000000000000e+02,7.876900531672753836e+00,7.876900531672753836e+00,5.098029803562657836e-03
8.510000000000000000e+02,7.876900496942190522e+00,7.876900496942190522e+00,6.430328985113921772e-03
8.520000000000000000e+02,7.876900462193390240e+00,7.876900462193390240e+00,5.100708104946417680e-03
8.530000000000000000e+02,7.876900427427005802e+00,7.876900427427005802e+00,6.433643394543068529e-03
8.540000000000000000e+02,7.876900392642399495e+00,7.876900392642399495e+00,5.103378684257776736e-03
8.550000000000000000e+02,7.876900357840088240e+00,7.876900357840088240e+00,6.436976492379186537e-03
8.560000000000000000e+02,7.876900323019572880e+00,7.876900323019572880e+00,5.105993195808888711e-03
8.570000000000000000e+02,7.876900288180833876e+00,7.876900288180833876e+00,6.440474485084555709e-03
8.580000000000000000e+02,7.876900253323713130e+00,7.876900253323713130e+00,5.108676730815135333e-03
8.590000000000000000e+02,7.876900218449053526e+00,7.876900218449053526e+00,6.443774287978180568e-03
8.600000000000000000e+02,7.876900183556095669e+00,7.876900183556095669e+00,5.111357343753235478e-03
8.610000000000000000e+02,7.876900148645444411e+00,7.876900148645444411e+00,6.447103327463184208e-03
8.620000000000000000e+02,7.876900113716502005e+00,7.876900113716502005e+00,5.114026268700519115e-03
8.630000000000000000e+02,7.876900078769716096e+00,7.876900078769716096e+00,6.450444885090438930e-03
8.640000000000000000e+02,7.876900043804712759e+00,7.876900043804712759e+00,5.116809173740203588e-03
8.650000000000000000e+02,7.876900008822660837e+00,7.876900008822660837e+00,6.453620075339201213e-03
8.660000000000000000e+02,7.876899973822233392e+00,7.876899973822233392e+00,5.119498499619535951e-03
8.670000000000000000e+02,7.876899938804120538e+00,7.876899938804120538e+00,6.456941800173272156e-03
8.680000000000000000e+02,7.876899903767647260e+00,7.876899903767647260e+00,5.122180831165648075e-03
8.690000000000000000e+02,7.876899868713365116e+00,7.876899868713365116e+00,6.460284014817629927e-03
8.700000000000000000e+02,7.876899833640736759e+00,7.876899833640736759e+00,5.124835384142955620e-03
8.710000000000000000e+02,7.876899798550014431e+00,7.876899798550014431e+00,6.463786384419441602e-03
8.720000000000000000e+02,7.876899763440555979e+00,7.876899763440555979e+00,5.127507814489971026e-03
8.730000000000000000e+02,7.876899728313488502e+00,7.876899728313488502e+00,6.467085212461151991e-03
8.740000000000000000e+02,7.876899693167985994e+00,7.876899693167985994e+00,5.130199627112791601e-03
8.750000000000000000e+02,7.876899658004679949e+00,7.876899658004679949e+00,6.470422755819599595e-03
8.760000000000000000e+02,7.876899622822951308e+00,7.876899622822951308e+00,5.132881953481680491e-03
8.770000000000000000e+02,7.876899587623285015e+00,7.876899587623285015e+00,6.473777112351917704e-03
8.780000000000000000e+02,7.876899552405239646e+00,7.876899552405239646e+00,5.137947274288244374e-03
8.790000000000000000e+02,7.876899517188381772e+00,7.876899517188381772e+00,6.472409637673225136e-03
8.800000000000000000e+02,7.876899481953011595e+00,7.876899481953011595e+00,5.140647137120717483e-03
8.810000000000000000e+02,7.876899446699876961e+00,7.876899446699876961e+00,6.475733593855899362e-03
8.820000000000000000e+02,7.876899411428266440e+00,7.876899411428266440e+00,5.143340778755167708e-03
8.830000000000000000e+02,7.876899376138755571e+00,7.876899376138755571e+00,6.479080713428447304e-03
8.840000000000000000e+02,7.876899340830782137e+00,7.876899340830782137e+00,5.146016865239942846e-03
8.850000000000000000e+02,7.876899305504709403e+00,7.876899305504709403e+00,6.482384416327455906e-03
8.860000000000000000e+02,7.876899270160514277e+00,7.876899270160514277e+00,5.148801848757538803e-03
8.870000000000000000e+02,7.876899234798705685e+00,7.876899234798705685e+00,6.485667169467111866e-03
8.880000000000000000e+02,7.876899199418343933e+00,7.876899199418343933e+00,5.151504635421301839e-03
8.890000000000000000e+02,7.876899164020092492e+00,7.876899164020092492e+00,6.489008587623613933e-03
8.900000000000000000e+02,7.876899128603299438e+00,7.876899128603299438e+00,5.154199308015352740e-03
8.910000000000000000e+02,7.876899093168490573e+00,7.876899093168490573e+00,6.492368497473727240e-03
8.920000000000000000e+02,7.876899057715160524e+00,7.876899057715160524e+00,5.156819116804681365e-03
8.930000000000000000e+02,7.876899022243138759e+00,7.876899022243138759e+00,6.495928310710765048e-03
8.940000000000000000e+02,7.876898986752435938e+00,7.876898986752435938e+00,5.159528376732976443e-03
8.950000000000000000e+02,7.876898951243878955e+00,7.876898951243878955e+00,6.499256258533247892e-03
8.960000000000000000e+02,7.876898915716704863e+00,7.876898915716704863e+00,5.162233469328021337e-03
8.970000000000000000e+02,7.876898880171525619e+00,7.876898880171525619e+00,6.502612171968053141e-03
8.980000000000000000e+02,7.876898844607740813e+00,7.876898844607740813e+00,5.164925903608286184e-03
8.990000000000000000e+02,7.876898809025791870e+00,7.876898809025791870e+00,6.505978321447876932e-03
9.000000000000000000e+02,7.876898773425322631e+00,7.876898773425322631e+00,5.167721219470801028e-03
9.010000000000000000e+02,7.876898737807382922e+00,7.876898737807382922e+00,6.509209519532359149e-03
9.020000000000000000e+02,7.876898702170745281e+00,7.876898702170745281e+00,5.170435227012597224e-03
9.030000000000000000e+02,7.876898666516113146e+00,7.876898666516113146e+00,6.512558354767245851e-03
9.040000000000000000e+02,7.876898630842800841e+00,7.876898630842800841e+00,5.173141967500835547e-03
9.050000000000000000e+02,7.876898595151367921e+00,7.876898595151367921e+00,6.515927447982248870e-03
9.060000000000000000e+02,7.876898559441270820e+00,7.876898559441270820e+00,5.175816708868335309e-03
9.070000000000000000e+02,7.876898523712728917e+00,7.876898523712728917e+00,6.519442730570992016e-03
9.080000000000000000e+02,7.876898487965223516e+00,7.876898487965223516e+00,5.178524207115313936e-03
9.090000000000000000e+02,7.876898452199788458e+00,7.876898452199788458e+00,6.522770463565330870e-03
9.100000000000000000e+02,7.876898416415601289e+00,7.876898416415601289e+00,5.181240691088958780e-03
9.110000000000000000e+02,7.876898380613298833e+00,7.876898380613298833e+00,6.526134863076992962e-03
9.120000000000000000e+02,7.876898344792251372e+00,7.876898344792251372e+00,5.183947167160410895e-03
9.130000000000000000e+02,7.876898308952950067e+00,7.876898308952950067e+00,6.529515751773881486e-03
9.140000000000000000e+02,7.876898273094947278e+00,7.876898273094947278e+00,5.187077047249246189e-03
9.150000000000000000e+02,7.876898237222027532e+00,7.876898237222027532e+00,6.532102169480826642e-03
9.160000000000000000e+02,7.876898201330259752e+00,7.876898201330259752e+00,5.189802046566663156e-03
9.170000000000000000e+02,7.876898165420399778e+00,7.876898165420399778e+00,6.535456668844849548e-03
9.180000000000000000e+02,7.876898129491724632e+00,7.876898129491724632e+00,5.192520528804277224e-03
9.190000000000000000e+02,7.876898093544823176e+00,7.876898093544823176e+00,6.538834081149249092e-03
9.200000000000000000e+02,7.876898057579118095e+00,7.876898057579118095e+00,5.195219800391130162e-03
9.210000000000000000e+02,7.876898021594969990e+00,7.876898021594969990e+00,6.542111116392326960e-03
9.220000000000000000e+02,7.876897985592610674e+00,7.876897985592610674e+00,5.198058254684672849e-03
9.230000000000000000e+02,7.876897949572297719e+00,7.876897949572297719e+00,6.545428129045588288e-03
9.240000000000000000e+02,7.876897913533089657e+00,7.876897913533089657e+00,5.200786075612845623e-03
9.250000000000000000e+02,7.876897877475665943e+00,7.876897877475665943e+00,6.548799804903659462e-03
9.260000000000000000e+02,7.876897841399361333e+00,7.876897841399361333e+00,5.203505432768213389e-03
9.270000000000000000e+02,7.876897805304706068e+00,7.876897805304706068e+00,6.552190000823238450e-03
9.280000000000000000e+02,7.876897769191194776e+00,7.876897769191194776e+00,5.206129886908506151e-03
9.290000000000000000e+02,7.876897733058494389e+00,7.876897733058494389e+00,6.555819574073745194e-03
9.300000000000000000e+02,7.876897696906771884e+00,7.876897696906771884e+00,5.208864826003151843e-03
9.310000000000000000e+02,7.876897660736864815e+00,7.876897660736864815e+00,6.559178356269786819e-03
9.320000000000000000e+02,7.876897624548003130e+00,7.876897624548003130e+00,5.211594933847906071e-03
9.330000000000000000e+02,7.876897588340805889e+00,7.876897588340805889e+00,6.562564577678888997e-03
9.340000000000000000e+02,7.876897552114662027e+00,7.876897552114662027e+00,5.214311539950696253e-03
9.350000000000000000e+02,7.876897515870015631e+00,7.876897515870015631e+00,6.565958806721996707e-03
9.360000000000000000e+02,7.876897479606524755e+00,7.876897479606524755e+00,5.217127285952602098e-03
9.370000000000000000e+02,7.876897443325182380e+00,7.876897443325182380e+00,6.569233888569538105e-03
9.380000000000000000e+02,7.876897407024801012e+00,7.876897407024801012e+00,5.219866486721169534e-03
9.390000000000000000e+02,7.876897370706095636e+00,7.876897370706095636e+00,6.572613110158886940e-03
9.400000000000000000e+02,7.876897334368367254e+00,7.876897334368367254e+00,5.222598163513183199e-03
9.410000000000000000e+02,7.876897298012186077e+00,7.876897298012186077e+00,6.576012608891687941e-03
9.420000000000000000e+02,7.876897261636996994e+00,7.876897261636996994e+00,5.225293919697535788e-03
9.430000000000000000e+02,7.876897225242999845e+00,7.876897225242999845e+00,6.579557270723439960e-03
9.440000000000000000e+02,7.876897188829727448e+00,7.876897188829727448e+00,5.228030865095340679e-03
9.450000000000000000e+02,7.876897152398195878e+00,7.876897152398195878e+00,6.582916405862821070e-03
9.460000000000000000e+02,7.876897115947567585e+00,7.876897115947567585e+00,5.230772523756409623e-03
9.470000000000000000e+02,7.876897079478491825e+00,7.876897079478491825e+00,6.586311155450441657e-03
9.480000000000000000e+02,7.876897042990327336e+00,7.876897042990327336e+00,5.233503683448682657e-03
9.490000000000000000e+02,7.876897006483573271e+00,7.876897006483573271e+00,6.589722202089162359e-03
9.500000000000000000e+02,7.876896969957777550e+00,7.876896969957777550e+00,5.236508106786462446e-03
9.510000000000000000e+02,7.876896933415525659e+00,7.876896933415525659e+00,6.592641371760840641e-03
9.520000000000000000e+02,7.876896896854079344e+00,7.876896896854079344e+00,5.239258507175451052e-03
9.530000000000000000e+02,7.876896860274205991e+00,7.876896860274205991e+00,6.596026632227316132e-03
9.540000000000000000e+02,7.876896823675172854e+00,7.876896823675172854e+00,5.242002140657168151e-03
9.550000000000000000e+02,7.876896787057580340e+00,7.876896787057580340e+00,6.599434741497670065e-03
9.560000000000000000e+02,7.876896750420836035e+00,7.876896750420836035e+00,5.244725065661169638e-03
9.570000000000000000e+02,7.876896713765301428e+00,7.876896713765301428e+00,6.602610397648313659e-03
9.580000000000000000e+02,7.876896677091766108e+00,7.876896677091766108e+00,5.247655720125481323e-03
9.590000000000000000e+02,7.876896640399937866e+00,7.876896640399937866e+00,6.605960304745931745e-03
9.600000000000000000e+02,7.876896603688868126e+00,7.876896603688868126e+00,5.250408874558355234e-03
9.610000000000000000e+02,7.876896566959247004e+00,7.876896566959247004e+00,6.609362524899168971e-03
9.620000000000000000e+02,7.876896530210398595e+00,7.876896530210398595e+00,5.253153245764528509e-03
9.630000000000000000e+02,7.876896493442864688e+00,7.876896493442864688e+00,6.612783358843742597e-03
9.640000000000000000e+02,7.876896456656127476e+00,7.876896456656127476e+00,5.255780726656766703e-03
9.650000000000000000e+02,7.876896419849676256e+00,7.876896419849676256e+00,6.616487520413722422e-03
9.660000000000000000e+02,7.876896383023858306e+00,7.876896383023858306e+00,5.258541426837146614e-03
9.670000000000000000e+02,7.876896346179520947e+00,7.876896346179520947e+00,6.619877172096545921e-03
9.680000000000000000e+02,7.876896309315880806e+00,7.876896309315880806e+00,5.261296853677665392e-03
9.690000000000000000e+02,7.876896272433568491e+00,7.876896272433568491e+00,6.623294037045761480e-03
9.700000000000000000e+02,7.876896235531962276e+00,7.876896235531962276e+00,5.264038035322351344e-03
9.710000000000000000e+02,7.876896198611507138e+00,7.876896198611507138e+00,6.626716706684253159e-03
9.720000000000000000e+02,7.876896161671877117e+00,7.876896161671877117e+00,5.266877487147832160e-03
9.730000000000000000e+02,7.876896124714035885e+00,7.876896124714035885e+00,6.630029925196926840e-03
9.740000000000000000e+02,7.876896087736803054e+00,7.876896087736803054e+00,5.269642175148887310e-03
9.750000000000000000e+02,7.876896050740911370e+00,7.876896050740911370e+00,6.633439785638691778e-03
9.760000000000000000e+02,7.876896013725646739e+00,7.876896013725646739e+00,5.272399105728602618e-03
9.770000000000000000e+02,7.876895976691592693e+00,7.876895976691592693e+00,6.636870037824173056e-03
9.780000000000000000e+02,7.876895939638180799e+00,7.876895939638180799e+00,5.275116628015680091e-03
9.790000000000000000e+02,7.876895902565586916e+00,7.876895902565586916e+00,6.640448263588455066e-03
9.800000000000000000e+02,7.876895865473388270e+00,7.876895865473388270e+00,5.277881229100965521e-03
9.810000000000000000e+02,7.876895828362592944e+00,7.876895828362592944e+00,6.643838584307084488e-03
9.820000000000000000e+02,7.876895791232347399e+00,7.876895791232347399e+00,5.280648364292575905e-03
9.830000000000000000e+02,7.876895754083320433e+00,7.876895754083320433e+00,6.647264007230725517e-03
9.840000000000000000e+02,7.876895716914853018e+00,7.876895716914853018e+00,5.283404570196183897e-03
9.850000000000000000e+02,7.876895679727454080e+00,7.876895679727454080e+00,6.650705611349319937e-03
9.860000000000000000e+02,7.876895642520663543e+00,7.876895642520663543e+00,5.286385169180211722e-03
9.870000000000000000e+02,7.876895605296685865e+00,7.876895605296685865e+00,6.653755339231438859e-03
9.880000000000000000e+02,7.876895568053159380e+00,7.876895568053159380e+00,5.289161233204046908e-03
9.890000000000000000e+02,7.876895530790874567e+00,7.876895530790874567e+00,6.657171387620434803e-03
9.900000000000000000e+02,7.876895493509072033e+00,7.876895493509072033e+00,5.291930318455646647e-03
9.910000000000000000e+02,7.876895456208371726e+00,7.876895456208371726e+00,6.660610363632405405e-03
9.920000000000000000e+02,7.876895418888165246e+00,7.876895418888165246e+00,5.294677439509629449e-03
9.930000000000000000e+02,7.876895381548818520e+00,7.876895381548818520e+00,6.663418446688351184e-03
9.940000000000000000e+02,7.876895344192783810e+00,7.876895344192783810e+00,5.297834809911192329e-03
9.950000000000000000e+02,7.876895306818116005e+00,7.876895306818116005e+00,6.666799969308946638e-03
9.960000000000000000e+02,7.876895269423853208e+00,7.876895269423853208e+00,5.300613575449884818e-03
9.970000000000000000e+02,7.876895232010703296e+00,7.876895232010703296e+00,6.670232630545709293e-03
9.980000000000000000e+02,7.876895194577970827e+00,7.876895194577970827e+00,5.303383279600036755e-03
9.990000000000000000e+02,7.876895157126214464e+00,7.876895157126214464e+00,6.673684053436386432e-03
1.000000000000000000e+03,7.876895119654903077e+00,7.876895119654903077e+00,5.306015581164403791e-03
1.001000000000000000e+03,7.876895082163355433e+00,7.876895082163355433e+00,6.677460036723000154e-03
1.002000000000000000e+03,7.876895044652090228e+00,7.876895044652090228e+00,5.308802184842088302e-03
1.003000000000000000e+03,7.876895007121968995e+00,7.876895007121968995e+00,6.680880240262678828e-03
1.004000000000000000e+03,7.876894969572188820e+00,7.876894969572188820e+00,5.311583216597319870e-03
1.005000000000000000e+03,7.876894932003398964e+00,7.876894932003398964e+00,6.684327670614221596e-03
1.006000000000000000e+03,7.876894894414959047e+00,7.876894894414959047e+00,5.314349404464457916e-03
1.007000000000000000e+03,7.876894856807325596e+00,7.876894856807325596e+00,6.687779160859728782e-03
1.008000000000000000e+03,7.876894819180174423e+00,7.876894819180174423e+00,5.317214548706969413e-03
1.009000000000000000e+03,7.876894781534465650e+00,7.876894781534465650e+00,6.691126393092196312e-03
1.010000000000000000e+03,7.876894743869006454e+00,7.876894743869006454e+00,5.320005001049684691e-03
1.011000000000000000e+03,7.876894706184551787e+00,7.876894706184551787e+00,6.694566741346310614e-03
1.012000000000000000e+03,7.876894668480368011e+00,7.876894668480368011e+00,5.322787493370714773e-03
1.013000000000000000e+03,7.876894630757049320e+00,7.876894630757049320e+00,6.698027673438581436e-03
1.014000000000000000e+03,7.876894593014021950e+00,7.876894593014021950e+00,5.325527966197037347e-03
1.015000000000000000e+03,7.876894555251444885e+00,7.876894555251444885e+00,6.701640281879791237e-03
1.016000000000000000e+03,7.876894517468910450e+00,7.876894517468910450e+00,5.328319372351258965e-03
1.017000000000000000e+03,7.876894479667443605e+00,7.876894479667443605e+00,6.705061222647362359e-03
1.018000000000000000e+03,7.876894441846166828e+00,7.876894441846166828e+00,5.331112271041047942e-03
1.019000000000000000e+03,7.876894404005768457e+00,7.876894404005768457e+00,6.708517218179822945e-03
1.020000000000000000e+03,7.876894366145570814e+00,7.876894366145570814e+00,5.333893899920439524e-03
1.021000000000000000e+03,7.876894328266097922e+00,7.876894328266097922e+00,6.711989407700217139e-03
1.022000000000000000e+03,7.876894290366881712e+00,7.876894290366881712e+00,5.336883184892385855e-03
1.023000000000000000e+03,7.876894252449999634e+00,7.876894252449999634e+00,6.715105228547446452e-03
1.024000000000000000e+03,7.876894214513213477e+00,7.876894214513213477e+00,5.339685173267589777e-03
1.025000000000000000e+03,7.876894176557325267e+00,7.876894176557325267e+00,6.718551789188389675e-03
1.026000000000000000e+03,7.876894138581563176e+00,7.876894138581563176e+00,5.342480009492966454e-03
1.027000000000000000e+03,7.876894100586556924e+00,7.876894100586556924e+00,6.722021487837770946e-03
1.028000000000000000e+03,7.876894062571690114e+00,7.876894062571690114e+00,5.345252010154326154e-03
1.029000000000000000e+03,7.876894024537328676e+00,7.876894024537328676e+00,6.723501269183826921e-03
1.030000000000000000e+03,7.876893986491605659e+00,7.876893986491605659e+00,5.349120196618985593e-03
1.031000000000000000e+03,7.876893948426912040e+00,7.876893948426912040e+00,6.726912319663342493e-03
1.032000000000000000e+03,7.876893910342271710e+00,7.876893910342271710e+00,5.351924812337854193e-03
1.033000000000000000e+03,7.876893872238405869e+00,7.876893872238405869e+00,6.730374405924149234e-03
1.034000000000000000e+03,7.876893834114604864e+00,7.876893834114604864e+00,5.354720153581534088e-03
1.035000000000000000e+03,7.876893795971437129e+00,7.876893795971437129e+00,6.733855446244912078e-03
1.036000000000000000e+03,7.876893757808363539e+00,7.876893757808363539e+00,5.357366716916171084e-03
1.037000000000000000e+03,7.876893719624611379e+00,7.876893719624611379e+00,6.737683934398354217e-03
1.038000000000000000e+03,7.876893681420783722e+00,7.876893681420783722e+00,5.360179345626745612e-03
1.039000000000000000e+03,7.876893643197766082e+00,7.876893643197766082e+00,6.741133432723346586e-03
1.040000000000000000e+03,7.876893604954731565e+00,7.876893604954731565e+00,5.362986238559497819e-03
1.041000000000000000e+03,7.876893566692349857e+00,7.876893566692349857e+00,6.744610400674587967e-03
1.042000000000000000e+03,7.876893528409962819e+00,7.876893528409962819e+00,5.365777922922545205e-03
1.043000000000000000e+03,7.876893490108036744e+00,7.876893490108036744e+00,6.748090875807993827e-03
1.044000000000000000e+03,7.876893451786245670e+00,7.876893451786245670e+00,5.368670202366367453e-03
1.045000000000000000e+03,7.876893413445563930e+00,7.876893413445563930e+00,6.751467253373213614e-03
1.046000000000000000e+03,7.876893375084772053e+00,7.876893375084772053e+00,5.371486664674161166e-03
1.047000000000000000e+03,7.876893336704648085e+00,7.876893336704648085e+00,6.754936978188194954e-03
1.048000000000000000e+03,7.876893298304436186e+00,7.876893298304436186e+00,5.374295016328065056e-03
1.049000000000000000e+03,7.876893259884751863e+00,7.876893259884751863e+00,6.758427548761969904e-03
1.050000000000000000e+03,7.876893221445000037e+00,7.876893221445000037e+00,5.377060412039611111e-03
1.051000000000000000e+03,7.876893182985345909e+00,7.876893182985345909e+00,6.762072504305891366e-03
1.052000000000000000e+03,7.876893144505374700e+00,7.876893144505374700e+00,5.379877864086019673e-03
1.053000000000000000e+03,7.876893106006132683e+00,7.876893106006132683e+00,6.765522449845644617e-03
1.054000000000000000e+03,7.876893067486723687e+00,7.876893067486723687e+00,5.382696790669890853e-03
1.055000000000000000e+03,7.876893028947852038e+00,7.876893028947852038e+00,6.769007940294765290e-03
1.056000000000000000e+03,7.876892990388824067e+00,7.876892990388824067e+00,5.385504259719613163e-03
1.057000000000000000e+03,7.876892951810175347e+00,7.876892951810175347e+00,6.772509857422069450e-03
1.058000000000000000e+03,7.876892913211425373e+00,7.876892913211425373e+00,5.388526321936722326e-03
1.059000000000000000e+03,7.876892874594735083e+00,7.876892874594735083e+00,6.775643313656178751e-03
1.060000000000000000e+03,7.876892835957775674e+00,7.876892835957775674e+00,5.391354467940675035e-03
1.061000000000000000e+03,7.876892797301377591e+00,7.876892797301377591e+00,6.779119109383878808e-03
1.062000000000000000e+03,7.876892758624744140e+00,7.876892758624744140e+00,5.394175348410749221e-03
1.063000000000000000e+03,7.876892719928525466e+00,7.876892719928525466e+00,6.782618407616479439e-03
1.064000000000000000e+03,7.876892681212085634e+00,7.876892681212085634e+00,5.396973203137407291e-03
1.065000000000000000e+03,7.876892642475806561e+00,7.876892642475806561e+00,6.785108371716997225e-03
1.066000000000000000e+03,7.876892603723757880e+00,7.876892603723757880e+00,5.400376544068180400e-03
1.067000000000000000e+03,7.876892564952405529e+00,7.876892564952405529e+00,6.788548399537626225e-03
1.068000000000000000e+03,7.876892526160737873e+00,7.876892526160737873e+00,5.403207397665794540e-03
1.069000000000000000e+03,7.876892487349500982e+00,7.876892487349500982e+00,6.792040746382541766e-03
1.070000000000000000e+03,7.876892448517963885e+00,7.876892448517963885e+00,5.406028849846972531e-03
1.071000000000000000e+03,7.876892409666712780e+00,7.876892409666712780e+00,6.795552377177323071e-03
1.072000000000000000e+03,7.876892370795188114e+00,7.876892370795188114e+00,5.408708071115605510e-03
1.073000000000000000e+03,7.876892331902682898e+00,7.876892331902682898e+00,6.799399083751854651e-03
1.074000000000000000e+03,7.876892292989734479e+00,7.876892292989734479e+00,5.411546972340005104e-03
1.075000000000000000e+03,7.876892254057251463e+00,7.876892254057251463e+00,6.802878378924979985e-03
1.076000000000000000e+03,7.876892215104383865e+00,7.876892215104383865e+00,5.414380119414701972e-03
1.077000000000000000e+03,7.876892176131822687e+00,7.876892176131822687e+00,6.806385757889697914e-03
1.078000000000000000e+03,7.876892137138889360e+00,7.876892137138889360e+00,5.417197982263319625e-03
1.079000000000000000e+03,7.876892098126067943e+00,7.876892098126067943e+00,6.809897820279594768e-03
1.080000000000000000e+03,7.876892059093012044e+00,7.876892059093012044e+00,5.420118910702913066e-03
1.081000000000000000e+03,7.876892020040738629e+00,7.876892020040738629e+00,6.813299680333183110e-03
1.082000000000000000e+03,7.876891980967993590e+00,7.876891980967993590e+00,5.422961758179923805e-03
1.083000000000000000e+03,7.876891941875567404e+00,7.876891941875567404e+00,6.816799553839612315e-03
1.084000000000000000e+03,7.876891902762684694e+00,7.876891902762684694e+00,5.425796390916219625e-03
1.085000000000000000e+03,7.876891863629979618e+00,7.876891863629979618e+00,6.820320675251453219e-03
1.086000000000000000e+03,7.876891824476839332e+00,7.876891824476839332e+00,5.428588955875402952e-03
1.087000000000000000e+03,7.876891785303453020e+00,7.876891785303453020e+00,6.823997863461310313e-03
1.088000000000000000e+03,7.876891746109363268e+00,7.876891746109363268e+00,5.431431802183150220e-03
1.089000000000000000e+03,7.876891706895660761e+00,7.876891706895660761e+00,6.827477039195605293e-03
1.090000000000000000e+03,7.876891667661424457e+00,7.876891667661424457e+00,5.434277136435435376e-03
1.091000000000000000e+03,7.876891628407374668e+00,7.876891628407374668e+00,6.830992893333526217e-03
1.092000000000000000e+03,7.876891589132799076e+00,7.876891589132799076e+00,5.437110961310344034e-03
1.093000000000000000e+03,7.876891549838251905e+00,7.876891549838251905e+00,6.834525669232410956e-03
1.094000000000000000e+03,7.876891510523234885e+00,7.876891510523234885e+00,5.440191014942389811e-03
1.095000000000000000e+03,7.876891471190198502e+00,7.876891471190198502e+00,6.837627860676417924e-03
1.096000000000000000e+03,7.876891431836525292e+00,7.876891431836525292e+00,5.443045666295657191e-03
1.097000000000000000e+03,7.876891392463064356e+00,7.876891392463064356e+00,6.841133560741484605e-03
1.098000000000000000e+03,7.876891353068998569e+00,7.876891353068998569e+00,5.445892981384550802e-03
1.099000000000000000e+03,7.876891313654996729e+00,7.876891313654996729e+00,6.844663328010342808e-03
1.100000000000000000e+03,7.876891274220402472e+00,7.876891274220402472e+00,5.448717616826760299e-03
1.101000000000000000e+03,7.876891234765617256e+00,7.876891234765617256e+00,6.847844478986831601e-03
1.102000000000000000e+03,7.876891195291936931e+00,7.876891195291936931e+00,5.451816273657293828e-03
1.103000000000000000e+03,7.876891155798610988e+00,7.876891155798610988e+00,6.851312679068494171e-03
1.104000000000000000e+03,7.876891116284596706e+00,7.876891116284596706e+00,5.454673716599931464e-03
1.105000000000000000e+03,7.876891076750660581e+00,7.876891076750660581e+00,6.854835822000662944e-03
1.106000000000000000e+03,7.876891037196048551e+00,7.876891037196048551e+00,5.457521699590240673e-03
1.107000000000000000e+03,7.876890997621368129e+00,7.876890997621368129e+00,6.858378684331367658e-03
1.108000000000000000e+03,7.876890958026040224e+00,7.876890958026040224e+00,5.460244660047778101e-03
1.109000000000000000e+03,7.876890918409510611e+00,7.876890918409510611e+00,6.862223482100152094e-03
1.110000000000000000e+03,7.876890878772156768e+00,7.876890878772156768e+00,5.463110049881128930e-03
1.111000000000000000e+03,7.876890839114918386e+00,7.876890839114918386e+00,6.865732825330213285e-03
1.112000000000000000e+03,7.876890799436921498e+00,7.876890799436921498e+00,5.465969808414034709e-03
1.113000000000000000e+03,7.876890759738873982e+00,7.876890759738873982e+00,6.869271185142229383e-03
1.114000000000000000e+03,7.876890720020078618e+00,7.876890720020078618e+00,5.468814430312263913e-03
1.115000000000000000e+03,7.876890680281039891e+00,7.876890680281039891e+00,6.872816487106263653e-03
1.116000000000000000e+03,7.876890640521382991e+00,7.876890640521382991e+00,5.471765877050300403e-03
1.117000000000000000e+03,7.876890600742198600e+00,7.876890600742198600e+00,6.876239911535856481e-03
1.118000000000000000e+03,7.876890560942160668e+00,7.876890560942160668e+00,5.474635452742650059e-03
1.119000000000000000e+03,7.876890521122089872e+00,7.876890521122089872e+00,6.879770411359083411e-03
1.120000000000000000e+03,7.876890481281185963e+00,7.876890481281185963e+00,5.477496747848017121e-03
1.121000000000000000e+03,7.876890441420104416e+00,7.876890441420104416e+00,6.883322678511460437e-03
1.122000000000000000e+03,7.876890401538209296e+00,7.876890401538209296e+00,5.480318124267722496e-03
1.123000000000000000e+03,7.876890361635725313e+00,7.876890361635725313e+00,6.887033291060227873e-03
1.124000000000000000e+03,7.876890321712131993e+00,7.876890321712131993e+00,5.483185419686111180e-03
1.125000000000000000e+03,7.876890281768578639e+00,7.876890281768578639e+00,6.890541655401208158e-03
1.126000000000000000e+03,7.876890241804111348e+00,7.876890241804111348e+00,5.486057510616006855e-03
1.127000000000000000e+03,7.876890201819474413e+00,7.876890201819474413e+00,6.894088431534898566e-03
1.128000000000000000e+03,7.876890161813934199e+00,7.876890161813934199e+00,5.488918145970658052e-03
1.129000000000000000e+03,7.876890121788064469e+00,7.876890121788064469e+00,6.897652798688109349e-03
1.130000000000000000e+03,7.876890081741343863e+00,7.876890081741343863e+00,5.492103756692667642e-03
1.131000000000000000e+03,7.876890041676928078e+00,7.876890041676928078e+00,6.900630512181886791e-03
1.132000000000000000e+03,7.876890001591489998e+00,7.876890001591489998e+00,5.494985226382352941e-03
1.133000000000000000e+03,7.876889961485912472e+00,7.876889961485912472e+00,6.904166444316787998e-03
1.134000000000000000e+03,7.876889921359349955e+00,7.876889921359349955e+00,5.497859332116705570e-03
1.135000000000000000e+03,7.876889881212496114e+00,7.876889881212496114e+00,6.907727191395920605e-03
1.136000000000000000e+03,7.876889841044667939e+00,7.876889841044667939e+00,5.500711496606826116e-03
1.137000000000000000e+03,7.876889800856295309e+00,7.876889800856295309e+00,6.911139425713712717e-03
1.138000000000000000e+03,7.876889760647802774e+00,7.876889760647802774e+00,5.503737887836146481e-03
1.139000000000000000e+03,7.876889720419329777e+00,7.876889720419329777e+00,6.914634436705968494e-03
1.140000000000000000e+03,7.876889680169787411e+00,7.876889680169787411e+00,5.506622236962894698e-03
1.141000000000000000e+03,7.876889639899961715e+00,7.876889639899961715e+00,6.918188433284939640e-03
1.142000000000000000e+03,7.876889599609080861e+00,7.876889599609080861e+00,5.509497124022660550e-03
1.143000000000000000e+03,7.876889559297770127e+00,7.876889559297770127e+00,6.921762663355227226e-03
1.144000000000000000e+03,7.876889518965428216e+00,7.876889518965428216e+00,5.512267264684062376e-03
1.145000000000000000e+03,7.876889478611691864e+00,7.876889478611691864e+00,6.925600097151451452e-03
1.146000000000000000e+03,7.876889438236736041e+00,7.876889438236736041e+00,5.515159280351943430e-03
1.147000000000000000e+03,7.876889397841544849e+00,7.876889397841544849e+00,6.929139262171228261e-03
1.148000000000000000e+03,7.876889357425212346e+00,7.876889357425212346e+00,5.518045975537045310e-03
1.149000000000000000e+03,7.876889316988468615e+00,7.876889316988468615e+00,6.932708695292231875e-03
1.150000000000000000e+03,7.876889276530593342e+00,7.876889276530593342e+00,5.520917859673074232e-03
1.151000000000000000e+03,7.876889236052116772e+00,7.876889236052116772e+00,6.936287791960087969e-03
1.152000000000000000e+03,7.876889195552624123e+00,7.876889195552624123e+00,5.523902828668930155e-03
1.153000000000000000e+03,7.876889155033318879e+00,7.876889155033318879e+00,6.939726872812384227e-03
1.154000000000000000e+03,7.876889114492775512e+00,7.876889114492775512e+00,5.526799444252654403e-03
1.155000000000000000e+03,7.876889073931836904e+00,7.876889073931836904e+00,6.943287990589432773e-03
1.156000000000000000e+03,7.876889033349685043e+00,7.876889033349685043e+00,5.529687749914988758e-03
1.157000000000000000e+03,7.876888992746988727e+00,7.876888992746988727e+00,6.946871506026233364e-03
1.158000000000000000e+03,7.876888952123096921e+00,7.876888952123096921e+00,5.532539100086698858e-03
1.159000000000000000e+03,7.876888911478277855e+00,7.876888911478277855e+00,6.950619432943640034e-03
1.160000000000000000e+03,7.876888870811908028e+00,7.876888870811908028e+00,5.535428756301205046e-03
1.161000000000000000e+03,7.876888830125232666e+00,7.876888830125232666e+00,6.954156366775095938e-03
1.162000000000000000e+03,7.876888789417254344e+00,7.876888789417254344e+00,5.538327926742448414e-03
1.163000000000000000e+03,7.876888748688745778e+00,7.876888748688745778e+00,6.957734132192105493e-03
1.164000000000000000e+03,7.876888707938949352e+00,7.876888707938949352e+00,5.541215786773778448e-03
1.165000000000000000e+03,7.876888667168461033e+00,7.876888667168461033e+00,6.961330261601018574e-03
1.166000000000000000e+03,7.876888626376732816e+00,7.876888626376732816e+00,5.544702742943986157e-03
1.167000000000000000e+03,7.876888585569296275e+00,7.876888585569296275e+00,6.963796777509061002e-03
1.168000000000000000e+03,7.876888544740448417e+00,7.876888544740448417e+00,5.547611289889914192e-03
1.169000000000000000e+03,7.876888503891105842e+00,7.876888503891105842e+00,6.967362503087287488e-03
1.170000000000000000e+03,7.876888463020391917e+00,7.876888463020391917e+00,5.550512505609009155e-03
1.171000000000000000e+03,7.876888422129025180e+00,7.876888422129025180e+00,6.970953984894602724e-03
1.172000000000000000e+03,7.876888381216303081e+00,7.876888381216303081e+00,5.553392838507888868e-03
1.173000000000000000e+03,7.876888340282680367e+00,7.876888340282680367e+00,6.974478558126715085e-03
1.174000000000000000e+03,7.876888299328197007e+00,7.876888299328197007e+00,5.556407670412358626e-03
1.175000000000000000e+03,7.876888258353406336e+00,7.876888258353406336e+00,6.977998031252257739e-03
1.176000000000000000e+03,7.876888217357154609e+00,7.876888217357154609e+00,5.559319225642787507e-03
1.177000000000000000e+03,7.876888176340262504e+00,7.876888176340262504e+00,6.981582466231571645e-03
1.178000000000000000e+03,7.876888135301927996e+00,7.876888135301927996e+00,5.562221372101260400e-03
1.179000000000000000e+03,7.876888094242800342e+00,7.876888094242800342e+00,6.985187720099064919e-03
1.180000000000000000e+03,7.876888053162256043e+00,7.876888053162256043e+00,5.565038444606717344e-03
1.181000000000000000e+03,7.876888012060114796e+00,7.876888012060114796e+00,6.989019506462572362e-03
1.182000000000000000e+03,7.876887970936352623e+00,7.876887970936352623e+00,5.567957067993844177e-03
1.183000000000000000e+03,7.876887929791999809e+00,7.876887929791999809e+00,6.992587708852129533e-03
1.184000000000000000e+03,7.876887888626117551e+00,7.876887888626117551e+00,5.570871011976844672e-03
1.185000000000000000e+03,7.876887847439461687e+00,7.876887847439461687e+00,6.996187839543422694e-03
1.186000000000000000e+03,7.876887806231289701e+00,7.876887806231289701e+00,5.573770634132764988e-03
1.187000000000000000e+03,7.876887765002152264e+00,7.876887765002152264e+00,6.999800434532069647e-03
1.188000000000000000e+03,7.876887723751599069e+00,7.876887723751599069e+00,5.576794825168269153e-03
1.189000000000000000e+03,7.876887682480985475e+00,7.876887682480985475e+00,7.003243989140855302e-03
1.190000000000000000e+03,7.876887641188745626e+00,7.876887641188745626e+00,5.579718774844973778e-03
1.191000000000000000e+03,7.876887599875750823e+00,7.876887599875750823e+00,7.006835212687738401e-03
1.192000000000000000e+03,7.876887558541151080e+00,7.876887558541151080e+00,5.582634428966739247e-03
1.193000000000000000e+03,7.876887517185643617e+00,7.876887517185643617e+00,7.010449597568282377e-03
1.194000000000000000e+03,7.876887475808552530e+00,7.876887475808552530e+00,5.585516661273817393e-03
1.195000000000000000e+03,7.876887434410194011e+00,7.876887434410194011e+00,7.014247112408519488e-03
1.196000000000000000e+03,7.876887392989782022e+00,7.876887392989782022e+00,5.588422497906055803e-03
1.197000000000000000e+03,7.876887351548718108e+00,7.876887351548718108e+00,7.017811206451963699e-03
1.198000000000000000e+03,7.876887310085961325e+00,7.876887310085961325e+00,5.591349062185564656e-03
1.199000000000000000e+03,7.876887268602308367e+00,7.876887268602308367e+00,7.021419544040478564e-03
1.200000000000000000e+03,7.876887227096977639e+00,7.876887227096977639e+00,5.594264553373278458e-03
1.201000000000000000e+03,7.876887185570589089e+00,7.876887185570589089e+00,7.025047081994599887e-03
1.202000000000000000e+03,7.876887185570589089e+00,7.876887185570589089e+00,7.025047081994599887e-03
1.203000000000000000e+03,7.876805424292053992e+00,7.876805424292053992e+00,1.414085461580647796e-01
1.204000000000000000e+03,7.876795608064760756e+00,7.876795608064760756e+00,4.278942469611991817e-02
1.205000000000000000e+03,7.876794569408017921e+00,7.876794569408017921e+00,8.104454946451268571e-03
1.206000000000000000e+03,7.876794405587022041e+00,7.876794405587022041e+00,1.530413756700801930e-02
1.207000000000000000e+03,7.876794251472535535e+00,7.876794251472535535e+00,7.910718956598559656e-03
1.208000000000000000e+03,7.876794109836690261e+00,7.876794109836690261e+00,1.449500968981784835e-02
1.209000000000000000e+03,7.876793971701048669e+00,7.876793971701048669e+00,7.735084849235467248e-03
1.210000000000000000e+03,7.876793836683640748e+00,7.876793836683640748e+00,1.420599470207183773e-02
1.211000000000000000e+03,7.876793703974132477e+00,7.876793703974132477e+00,7.612776381085767027e-03
1.212000000000000000e+03,7.876793573033308071e+00,7.876793573033308071e+00,1.402395938312350418e-02
1.213000000000000000e+03,7.876793443636660896e+00,7.876793443636660896e+00,7.529268998792165712e-03
1.214000000000000000e+03,7.876793315376450444e+00,7.876793315376450444e+00,1.390374589387554510e-02
1.215000000000000000e+03,7.876793188146135272e+00,7.876793188146135272e+00,7.473588129643309735e-03
1.216000000000000000e+03,7.876793061681980568e+00,7.876793061681980568e+00,1.382281363080783976e-02
1.217000000000000000e+03,7.876792935891974601e+00,7.876792935891974601e+00,7.436712173475279984e-03
1.218000000000000000e+03,7.876792810575445891e+00,7.876792810575445891e+00,1.377227090774263765e-02
1.219000000000000000e+03,7.876792685689053108e+00,7.876792685689053108e+00,7.413288386362198827e-03
1.220000000000000000e+03,7.876792561116443991e+00,7.876792561116443991e+00,1.373926109820855501e-02
1.221000000000000000e+03,7.876792436810851505e+00,7.876792436810851505e+00,7.398849994075643727e-03
1.222000000000000000e+03,7.876792312684528952e+00,7.876792312684528952e+00,1.372025089001436757e-02
1.223000000000000000e+03,7.876792188714186516e+00,7.876792188714186516e+00,7.390892590684459279e-03
1.224000000000000000e+03,7.876792064857633946e+00,7.876792064857633946e+00,1.370901263537420943e-02
1.225000000000000000e+03,7.876791941078245429e+00,7.876791941078245429e+00,7.386976111478819190e-03
1.226000000000000000e+03,7.876791817338913759e+00,7.876791817338913759e+00,1.370515713629089777e-02
1.227000000000000000e+03,7.876791693625537327e+00,7.876791693625537327e+00,7.386237377286913874e-03
1.228000000000000000e+03,7.876791569933658366e+00,7.876791569933658366e+00,1.370404894640920093e-02
1.229000000000000000e+03,7.876791446230437366e+00,7.876791446230437366e+00,7.387257754176222713e-03
1.230000000000000000e+03,7.876791322504911541e+00,7.876791322504911541e+00,1.370712119022446211e-02
1.231000000000000000e+03,7.876791198744206746e+00,7.876791198744206746e+00,7.389338869722105602e-03
1.232000000000000000e+03,7.876791074918307878e+00,7.876791074918307878e+00,1.371417753374790278e-02
1.233000000000000000e+03,7.876790951039419397e+00,7.876790951039419397e+00,7.392670485631355932e-03
1.234000000000000000e+03,7.876790827110626836e+00,7.876790827110626836e+00,1.372034433887757074e-02
1.235000000000000000e+03,7.876790703118335735e+00,7.876790703118335735e+00,7.396515447146465028e-03
1.236000000000000000e+03,7.876790579057098007e+00,7.876790579057098007e+00,1.372922386732204104e-02
1.237000000000000000e+03,7.876790454912055317e+00,7.876790454912055317e+00,7.400819708987676181e-03
1.238000000000000000e+03,7.876790330707001964e+00,7.876790330707001964e+00,1.373662433885411253e-02
1.239000000000000000e+03,7.876790206425031471e+00,7.876790206425031471e+00,7.405457927371112900e-03
1.240000000000000000e+03,7.876790082070026067e+00,7.876790082070026067e+00,1.374510027684081211e-02
1.241000000000000000e+03,7.876789957635135231e+00,7.876789957635135231e+00,7.411284004426029609e-03
1.242000000000000000e+03,7.876789833204576041e+00,7.876789833204576041e+00,1.374770913779089533e-02
1.243000000000000000e+03,7.876789708690631109e+00,7.876789708690631109e+00,7.416294324872407979e-03
1.244000000000000000e+03,7.876789584102223962e+00,7.876789584102223962e+00,1.375645802208399701e-02
1.245000000000000000e+03,7.876789459429295093e+00,7.876789459429295093e+00,7.421263309093509460e-03
1.246000000000000000e+03,7.876789334668738540e+00,7.876789334668738540e+00,1.376645722599248098e-02
1.247000000000000000e+03,7.876789209819954785e+00,7.876789209819954785e+00,7.426462222734080305e-03
1.248000000000000000e+03,7.876789084898441651e+00,7.876789084898441651e+00,1.377514996422032900e-02
1.249000000000000000e+03,7.876788959890014929e+00,7.876788959890014929e+00,7.431636634823712839e-03
1.250000000000000000e+03,7.876788834800213301e+00,7.876788834800213301e+00,1.378446149668741648e-02
1.251000000000000000e+03,7.876788709623735230e+00,7.876788709623735230e+00,7.437227703266014248e-03
1.252000000000000000e+03,7.876788584396033244e+00,7.876788584396033244e+00,1.379153219726921877e-02
1.253000000000000000e+03,7.876788459080034777e+00,7.876788459080034777e+00,7.442494999000934079e-03
1.254000000000000000e+03,7.876788333685253107e+00,7.876788333685253107e+00,1.380070302686843206e-02
1.255000000000000000e+03,7.876788208202408548e+00,7.876788208202408548e+00,7.447628247763174100e-03
1.256000000000000000e+03,7.876788082627502519e+00,7.876788082627502519e+00,1.381105798434235574e-02
1.257000000000000000e+03,7.876787956962295389e+00,7.876787956962295389e+00,7.452957847074490917e-03
1.258000000000000000e+03,7.876787831221774283e+00,7.876787831221774283e+00,1.381998614339009085e-02
1.259000000000000000e+03,7.876787705392398031e+00,7.876787705392398031e+00,7.458222964492034444e-03
1.260000000000000000e+03,7.876787579479761270e+00,7.876787579479761270e+00,1.382945439322728898e-02
1.261000000000000000e+03,7.876787453479052736e+00,7.876787453479052736e+00,7.463815562224012518e-03
1.262000000000000000e+03,7.876787327420229801e+00,7.876787327420229801e+00,1.383707405587531955e-02
1.263000000000000000e+03,7.876787201271913119e+00,7.876787201271913119e+00,7.469134170630804294e-03
1.264000000000000000e+03,7.876787075043646169e+00,7.876787075043646169e+00,1.384633808014712301e-02
1.265000000000000000e+03,7.876786948726320681e+00,7.876786948726320681e+00,7.474299866498875476e-03
1.266000000000000000e+03,7.876786822315284375e+00,7.876786822315284375e+00,1.385680572132084835e-02
1.267000000000000000e+03,7.876786695813211558e+00,7.876786695813211558e+00,7.479663046175036127e-03
1.268000000000000000e+03,7.876786569234933033e+00,7.876786569234933033e+00,1.386579915787990169e-02
1.269000000000000000e+03,7.876786442567027535e+00,7.876786442567027535e+00,7.484955368916096190e-03
1.270000000000000000e+03,7.876786315815071049e+00,7.876786315815071049e+00,1.387531766356607868e-02
1.271000000000000000e+03,7.876786188974388203e+00,7.876786188974388203e+00,7.490556288525590349e-03
1.272000000000000000e+03,7.876786062073595218e+00,7.876786062073595218e+00,1.388308851995183855e-02
1.273000000000000000e+03,7.876785935082645018e+00,7.876785935082645018e+00,7.495897073329652743e-03
1.274000000000000000e+03,7.876785808011120160e+00,7.876785808011120160e+00,1.389239170411140159e-02
1.275000000000000000e+03,7.876785680849905269e+00,7.876785680849905269e+00,7.501080567056026514e-03
1.276000000000000000e+03,7.876785553594124245e+00,7.876785553594124245e+00,1.390291093197337791e-02
1.277000000000000000e+03,7.876785426246708077e+00,7.876785426246708077e+00,7.506463745253023900e-03
1.278000000000000000e+03,7.876785298822540859e+00,7.876785298822540859e+00,1.391193745660367249e-02
1.279000000000000000e+03,7.876785171308148037e+00,7.876785171308148037e+00,7.511774827481999296e-03
1.280000000000000000e+03,7.876785043709129575e+00,7.876785043709129575e+00,1.392148755817692804e-02
1.281000000000000000e+03,7.876784916020812766e+00,7.876784916020812766e+00,7.517392970707848648e-03
1.282000000000000000e+03,7.876784788271781856e+00,7.876784788271781856e+00,1.392929970569806164e-02
1.283000000000000000e+03,7.876784660432001317e+00,7.876784660432001317e+00,7.522752144052069490e-03
1.284000000000000000e+03,7.876784532511144299e+00,7.876784532511144299e+00,1.393863122645116678e-02
1.285000000000000000e+03,7.876784404500009273e+00,7.876784404500009273e+00,7.527953936595359850e-03
1.286000000000000000e+03,7.876784276393785866e+00,7.876784276393785866e+00,1.394917888531895141e-02
1.287000000000000000e+03,7.876784148195313584e+00,7.876784148195313584e+00,7.533355397042795602e-03
1.288000000000000000e+03,7.876784019919651492e+00,7.876784019919651492e+00,1.395822984399958631e-02
1.289000000000000000e+03,7.876783891553179373e+00,7.876783891553179373e+00,7.538684485752194901e-03
1.290000000000000000e+03,7.876783763101584235e+00,7.876783763101584235e+00,1.396780702476664929e-02
1.291000000000000000e+03,7.876783634560108993e+00,7.876783634560108993e+00,7.544326332635107463e-03
1.292000000000000000e+03,7.876783505957957843e+00,7.876783505957957843e+00,1.397561074370765911e-02
1.293000000000000000e+03,7.876783377264472641e+00,7.876783377264472641e+00,7.549703627186542775e-03
1.294000000000000000e+03,7.876783248489448219e+00,7.876783248489448219e+00,1.398496722044566785e-02
1.295000000000000000e+03,7.876783119623565810e+00,7.876783119623565810e+00,7.554925539492380118e-03
1.296000000000000000e+03,7.876782990662263728e+00,7.876782990662263728e+00,1.399553080079518098e-02
1.297000000000000000e+03,7.876782861608069730e+00,7.876782861608069730e+00,7.560345171439188799e-03
1.298000000000000000e+03,7.876782732476294235e+00,7.876782732476294235e+00,1.400460216382992153e-02
1.299000000000000000e+03,7.876782603253125181e+00,7.876782603253125181e+00,7.565692490510021219e-03
1.300000000000000000e+03,7.876782473944376584e+00,7.876782473944376584e+00,1.401420438839663142e-02
1.301000000000000000e+03,7.876782344545147474e+00,7.876782344545147474e+00,7.571363386651428981e-03
1.302000000000000000e+03,7.876782215085756711e+00,7.876782215085756711e+00,1.402196401913755053e-02
1.303000000000000000e+03,7.876782085534440370e+00,7.876782085534440370e+00,7.576758971710763346e-03
1.304000000000000000e+03,7.876781955901146937e+00,7.876781955901146937e+00,1.403134352688577453e-02
1.305000000000000000e+03,7.876781826176414647e+00,7.876781826176414647e+00,7.582002576424624191e-03
1.306000000000000000e+03,7.876781696356069951e+00,7.876781696356069951e+00,1.404191486197230339e-02
1.307000000000000000e+03,7.876781566442152993e+00,7.876781566442152993e+00,7.587440415692277458e-03
1.308000000000000000e+03,7.876781436450307261e+00,7.876781436450307261e+00,1.405100357922947456e-02
1.309000000000000000e+03,7.876781306366479107e+00,7.876781306366479107e+00,7.592806265974451352e-03
1.310000000000000000e+03,7.876781176196640644e+00,7.876781176196640644e+00,1.406062925101359690e-02
1.311000000000000000e+03,7.876781045935717707e+00,7.876781045935717707e+00,7.598511896113152933e-03
1.312000000000000000e+03,7.876780915615627876e+00,7.876780915615627876e+00,1.406830811814092745e-02
1.313000000000000000e+03,7.876780785203022717e+00,7.876780785203022717e+00,7.603925968120437209e-03
1.314000000000000000e+03,7.876780654708022134e+00,7.876780654708022134e+00,1.407770900474389353e-02
1.315000000000000000e+03,7.876780524120996496e+00,7.876780524120996496e+00,7.609192522577399621e-03
1.316000000000000000e+03,7.876780393438274963e+00,7.876780393438274963e+00,1.408828272925788209e-02
1.317000000000000000e+03,7.876780262661265297e+00,7.876780262661265297e+00,7.614648526498909477e-03
1.318000000000000000e+03,7.876780131806013330e+00,7.876780131806013330e+00,1.409738581402474045e-02
1.319000000000000000e+03,7.876780000858195407e+00,7.876780000858195407e+00,7.620033183646433145e-03
1.320000000000000000e+03,7.876779869823959501e+00,7.876779869823959501e+00,1.410703334091866802e-02
1.321000000000000000e+03,7.876779738698023614e+00,7.876779738698023614e+00,7.625780839834520042e-03
1.322000000000000000e+03,7.876779607514539983e+00,7.876779607514539983e+00,1.411458482660682238e-02
1.323000000000000000e+03,7.876779476237944166e+00,7.876779476237944166e+00,7.631213575807162773e-03
1.324000000000000000e+03,7.876779344878560352e+00,7.876779344878560352e+00,1.412400540395354447e-02
1.325000000000000000e+03,7.876779213426564397e+00,7.876779213426564397e+00,7.636504069945725115e-03
1.326000000000000000e+03,7.876779081878883204e+00,7.876779081878883204e+00,1.413457886641363188e-02
1.327000000000000000e+03,7.876778950236136723e+00,7.876778950236136723e+00,7.641978026501006910e-03
1.328000000000000000e+03,7.876778818514879710e+00,7.876778818514879710e+00,1.414369304151830847e-02
1.329000000000000000e+03,7.876778686700465215e+00,7.876778686700465215e+00,7.647381735195265748e-03
1.330000000000000000e+03,7.876778554799257037e+00,7.876778554799257037e+00,1.415336070171888116e-02
1.331000000000000000e+03,7.876778422805728042e+00,7.876778422805728042e+00,7.653181992916725622e-03
1.332000000000000000e+03,7.876778290757171952e+00,7.876778290757171952e+00,1.416071750355648272e-02
1.333000000000000000e+03,7.876778158614906822e+00,7.876778158614906822e+00,7.658633545209281995e-03
1.334000000000000000e+03,7.876778026389482434e+00,7.876778026389482434e+00,1.417015590734641700e-02
1.335000000000000000e+03,7.876777894070858821e+00,7.876777894070858821e+00,7.663948727920857559e-03
1.336000000000000000e+03,7.876777761656633459e+00,7.876777761656633459e+00,1.418072993406974125e-02
1.337000000000000000e+03,7.876777629146481274e+00,7.876777629146481274e+00,7.669440105484586802e-03
1.338000000000000000e+03,7.876777496557601843e+00,7.876777496557601843e+00,1.418985139113701673e-02
1.339000000000000000e+03,7.876777363874976068e+00,7.876777363874976068e+00,7.674863076789098168e-03
1.340000000000000000e+03,7.876777231105203114e+00,7.876777231105203114e+00,1.419953726337152417e-02
1.341000000000000000e+03,7.876777098242490283e+00,7.876777098242490283e+00,7.680732946876941448e-03
1.342000000000000000e+03,7.876776965328711633e+00,7.876776965328711633e+00,1.420659148047157157e-02
1.343000000000000000e+03,7.876776832320629751e+00,7.876776832320629751e+00,7.686203432231152738e-03
1.344000000000000000e+03,7.876776699229042222e+00,7.876776699229042222e+00,1.421604555352213618e-02
1.345000000000000000e+03,7.876776566043673711e+00,7.876776566043673711e+00,7.691543819902462234e-03
1.346000000000000000e+03,7.876776432762847335e+00,7.876776432762847335e+00,1.422662652315343119e-02
1.347000000000000000e+03,7.876776299385090496e+00,7.876776299385090496e+00,7.697051418669029026e-03
1.348000000000000000e+03,7.876776165928447426e+00,7.876776165928447426e+00,1.423575065308145191e-02
1.349000000000000000e+03,7.876776032377472703e+00,7.876776032377472703e+00,7.702493819728639494e-03
1.350000000000000000e+03,7.876775898739031945e+00,7.876775898739031945e+00,1.424545253389937309e-02
1.351000000000000000e+03,7.876775765007021590e+00,7.876775765007021590e+00,7.708464140305865825e-03
1.352000000000000000e+03,7.876775631230531260e+00,7.876775631230531260e+00,1.425200908471813306e-02
1.353000000000000000e+03,7.876775497359139067e+00,7.876775497359139067e+00,7.713953611117735365e-03
1.354000000000000000e+03,7.876775363403934804e+00,7.876775363403934804e+00,1.426147619139591510e-02
1.355000000000000000e+03,7.876775229354367802e+00,7.876775229354367802e+00,7.719319485608225166e-03
1.356000000000000000e+03,7.876775095209546329e+00,7.876775095209546329e+00,1.427208176849740356e-02
1.357000000000000000e+03,7.876774960966502981e+00,7.876774960966502981e+00,7.724840484465217254e-03
1.358000000000000000e+03,7.876774826644492578e+00,7.876774826644492578e+00,1.428120273840550146e-02
1.359000000000000000e+03,7.876774692227567876e+00,7.876774692227567876e+00,7.730302413046545411e-03
1.360000000000000000e+03,7.876774557722892922e+00,7.876774557722892922e+00,1.429091798468269149e-02
1.361000000000000000e+03,7.876774423124030200e+00,7.876774423124030200e+00,7.736439773671392045e-03
1.362000000000000000e+03,7.876774288492898179e+00,7.876774288492898179e+00,1.429655665738663838e-02
1.363000000000000000e+03,7.876774153766279873e+00,7.876774153766279873e+00,7.741948134678879392e-03
1.364000000000000000e+03,7.876774018955582157e+00,7.876774018955582157e+00,1.430603327522513533e-02
1.365000000000000000e+03,7.876773884049953267e+00,7.876773884049953267e+00,7.747339499741056484e-03
1.366000000000000000e+03,7.876773749049326589e+00,7.876773749049326589e+00,1.431671301029119846e-02
1.367000000000000000e+03,7.876773613948484076e+00,7.876773613948484076e+00,7.752866063567765385e-03
1.368000000000000000e+03,7.876773478768693160e+00,7.876773478768693160e+00,1.432582296657025807e-02
1.369000000000000000e+03,7.876773343493422175e+00,7.876773343493422175e+00,7.758347479155732959e-03
1.370000000000000000e+03,7.876773208130157578e+00,7.876773208130157578e+00,1.433554811218556123e-02
1.371000000000000000e+03,7.876773072672097697e+00,7.876773072672097697e+00,7.764848472990665273e-03
1.372000000000000000e+03,7.876772937210560599e+00,7.876772937210560599e+00,1.433903154262587860e-02
1.373000000000000000e+03,7.876772801652981215e+00,7.876772801652981215e+00,7.770375159282042789e-03
1.374000000000000000e+03,7.876772666011123469e+00,7.876772666011123469e+00,1.434851193277943832e-02
1.375000000000000000e+03,7.876772530273804307e+00,7.876772530273804307e+00,7.775791506519893516e-03
1.376000000000000000e+03,7.876772394441816871e+00,7.876772394441816871e+00,1.435947525035165435e-02
1.377000000000000000e+03,7.876772258504766810e+00,7.876772258504766810e+00,7.781289931085263838e-03
1.378000000000000000e+03,7.876772122488942429e+00,7.876772122488942429e+00,1.436856229543249930e-02
1.379000000000000000e+03,7.876771986377098855e+00,7.876771986377098855e+00,7.786790415405702923e-03
1.380000000000000000e+03,7.876771850177085810e+00,7.876771850177085810e+00,1.437829177378240758e-02
1.381000000000000000e+03,7.876771713881717041e+00,7.876771713881717041e+00,7.795017791328112851e-03
1.382000000000000000e+03,7.876771577725992124e+00,7.876771577725992124e+00,1.437107733784501705e-02
1.383000000000000000e+03,7.876771441473852775e+00,7.876771441473852775e+00,7.800558730283829907e-03
1.384000000000000000e+03,7.876771305137438617e+00,7.876771305137438617e+00,1.438054256729737884e-02
1.385000000000000000e+03,7.876771168705219317e+00,7.876771168705219317e+00,7.805996509512111263e-03
1.386000000000000000e+03,7.875519057575617765e+00,7.875519057575617765e+00,9.188302993088494075e-01
1.387000000000000000e+03,7.875519057575617765e+00,7.875519057575617765e+00,9.188302993088494075e-01
1.388000000000000000e+03,7.875294857246253777e+00,7.875294857246253777e+00,8.861674669817902750e-01
1.389000000000000000e+03,7.871855119381501176e+00,7.871855119381501176e+00,1.320023036957549634e+00
1.390000000000000000e+03,7.871855119381501176e+00,7.871855119381501176e+00,1.320023036957549634e+00
1.391000000000000000e+03,7.871058819494941794e+00,7.871058819494941794e+00,1.459408089524141694e+00
1.392000000000000000e+03,7.868295556021275949e+00,7.868295556021275949e+00,3.023378496014670791e+00
1.393000000000000000e+03,7.867470928138120989e+00,7.867470928138120989e+00,2.626455548739438761e+00
1.394000000000000000e+03,7.864631265123439796e+00,7.864631265123439796e+00,1.645004734137917701e+00
1.395000000000000000e+03,7.854893423568594102e+00,7.854893423568594102e+00,1.155917460463732338e+00
1.396000000000000000e+03,7.854000996168768900e+00,7.854000996168768900e+00,6.713058735842348801e-01
1.397000000000000000e+03,7.853764825782723058e+00,7.853764825782723058e+00,2.696738453349847298e-01
1.398000000000000000e+03,7.853694501522820559e+00,7.853694501522820559e+00,2.698639931487986088e-01
1.399000000000000000e+03,7.853645337715303043e+00,7.853645337715303043e+00,2.174802517643827371e-01
1.400000000000000000e+03,7.853599998486189726e+00,7.853599998486189726e+00,2.507867349248334432e-01
1.401000000000000000e+03,7.853557567793380656e+00,7.853557567793380656e+00,2.036637765207316431e-01
1.402000000000000000e+03,7.853517743499392800e+00,7.853517743499392800e+00,2.355286034151647945e-01
1.403000000000000000e+03,7.853480283267099793e+00,7.853480283267099793e+00,1.916754500574808506e-01
1.404000000000000000e+03,7.853444956644082708e+00,7.853444956644082708e+00,2.222560108723604100e-01
1.405000000000000000e+03,7.853411566097085128e+00,7.853411566097085128e+00,1.812738475428763152e-01
1.406000000000000000e+03,7.853379921540597941e+00,7.853379921540597941e+00,2.107726441121673400e-01
1.407000000000000000e+03,7.853349861776583118e+00,7.853349861776583118e+00,1.722980152803464116e-01
1.408000000000000000e+03,7.853321230095284378e+00,7.853321230095284378e+00,2.008922004900269842e-01
1.409000000000000000e+03,7.853293894856625990e+00,7.853293894856625990e+00,1.645961607236335333e-01
1.410000000000000000e+03,7.853267727037287038e+00,7.853267727037287038e+00,1.924388294176411773e-01
1.411000000000000000e+03,7.853242618985305512e+00,7.853242618985305512e+00,1.580257885591284661e-01
1.412000000000000000e+03,7.853218464733491722e+00,7.853218464733491722e+00,1.852455351586850540e-01
1.413000000000000000e+03,7.853195176098881625e+00,7.853195176098881625e+00,1.524553271972410029e-01
1.414000000000000000e+03,7.853172666403512636e+00,7.853172666403512636e+00,1.791580476265939581e-01
1.415000000000000000e+03,7.853150862844373137e+00,7.853150862844373137e+00,1.477513215995655549e-01
1.416000000000000000e+03,7.853129694058608834e+00,7.853129694058608834e+00,1.740357715326091015e-01
1.417000000000000000e+03,7.853109101407582671e+00,7.853109101407582671e+00,1.438144207824083864e-01
1.418000000000000000e+03,7.853089026417712226e+00,7.853089026417712226e+00,1.697523506335116839e-01
1.419000000000000000e+03,7.853069419720805300e+00,7.853069419720805300e+00,1.405220250320180775e-01
1.420000000000000000e+03,7.853050234006127894e+00,7.853050234006127894e+00,1.661914674925506763e-01
1.421000000000000000e+03,7.853031428882626841e+00,7.853031428882626841e+00,1.377887335235807587e-01
1.422000000000000000e+03,7.853012965810119539e+00,7.853012965810119539e+00,1.632444128993171817e-01
1.423000000000000000e+03,7.852994811461815772e+00,7.852994811461815772e+00,1.355316612501270002e-01
1.424000000000000000e+03,7.821442141120301450e+00,7.821442141120301450e+00,2.206728051052039952e+00
1.425000000000000000e+03,7.819590893854098113e+00,7.819590893854098113e+00,7.191744122123076011e-01
1.426000000000000000e+03,7.819590893854098113e+00,7.819590893854098113e+00,7.191744122123076011e-01
1.427000000000000000e+03,7.812133667296631501e+00,7.812133667296631501e+00,7.395379376883326472e-01
1.428000000000000000e+03,7.811916474674536204e+00,7.811916474674536204e+00,3.774582012760557270e-01
1.429000000000000000e+03,7.811643869369262916e+00,7.811643869369262916e+00,6.757299116417391227e-01
1.430000000000000000e+03,7.811433844341842736e+00,7.811433844341842736e+00,3.459859389495623661e-01
1.431000000000000000e+03,7.811259946045159275e+00,7.811259946045159275e+00,5.679461788628382690e-01
1.432000000000000000e+03,7.811105153831634063e+00,7.811105153831634063e+00,3.248930631000462310e-01
1.433000000000000000e+03,7.810958446558751156e+00,7.810958446558751156e+00,5.387657410246217138e-01
1.434000000000000000e+03,7.810818857526200532e+00,7.810818857526200532e+00,3.100484549311341986e-01
1.435000000000000000e+03,7.810685089166550910e+00,7.810685089166550910e+00,5.163559900160240579e-01
1.436000000000000000e+03,7.795181069794744566e+00,7.795181069794744566e+00,3.734130861194498996e-01
1.437000000000000000e+03,7.794484927148747744e+00,7.794484927148747744e+00,1.234321291983574875e+00
1.438000000000000000e+03,7.793908771857821272e+00,7.793908771857821272e+00,3.346749925585794094e-01
1.439000000000000000e+03,7.793607990529239693e+00,7.793607990529239693e+00,8.376008409484008155e-01
1.440000000000000000e+03,7.793324349123024852e+00,7.793324349123024852e+00,3.170224855990160240e-01
1.441000000000000000e+03,7.793057077915273467e+00,7.793057077915273467e+00,7.928514600776785937e-01
1.442000000000000000e+03,7.792802241128548246e+00,7.792802241128548246e+00,3.046874662390854360e-01
1.443000000000000000e+03,7.792558911105770925e+00,7.792558911105770925e+00,7.613324354195203369e-01
1.444000000000000000e+03,7.792323430288356612e+00,7.792323430288356612e+00,2.962009257022337749e-01
1.445000000000000000e+03,7.792096609936534080e+00,7.792096609936534080e+00,7.379022456597497115e-01
1.446000000000000000e+03,7.791874903700899857e+00,7.791874903700899857e+00,2.906495322035697604e-01
1.447000000000000000e+03,7.791660546763438333e+00,7.791660546763438333e+00,7.190143759734932694e-01
1.448000000000000000e+03,7.791449432659712571e+00,7.791449432659712571e+00,2.864071338882377415e-01
1.449000000000000000e+03,7.791238526681818044e+00,7.791238526681818044e+00,7.159417439642772329e-01
1.450000000000000000e+03,7.791029699535465092e+00,7.791029699535465092e+00,2.839534849624787971e-01
1.451000000000000000e+03,7.790823266696121685e+00,7.790823266696121685e+00,7.095312321344344753e-01
1.452000000000000000e+03,7.790618081241778015e+00,7.790618081241778015e+00,2.823818798896602367e-01
1.453000000000000000e+03,7.790413257937796487e+00,7.790413257937796487e+00,7.084955416059975919e-01
1.454000000000000000e+03,7.790208894575480159e+00,7.790208894575480159e+00,2.817663527980913685e-01
1.455000000000000000e+03,7.790006203415042130e+00,7.790006203415042130e+00,7.049819687915450661e-01
1.456000000000000000e+03,7.789803724854519551e+00,7.789803724854519551e+00,2.815639195858947175e-01
1.457000000000000000e+03,7.789601413821618081e+00,7.789601413821618081e+00,7.046243443145030483e-01
1.458000000000000000e+03,7.789399195040288326e+00,7.789399195040288326e+00,2.819588969762971686e-01
1.459000000000000000e+03,7.789198329416628042e+00,7.789198329416628042e+00,7.025017699743266730e-01
1.460000000000000000e+03,7.788997150382702017e+00,7.788997150382702017e+00,2.824662105524610167e-01
1.461000000000000000e+03,7.788796160031116855e+00,7.788796160031116855e+00,7.029325297429300790e-01
1.462000000000000000e+03,7.788594755979199924e+00,7.788594755979199924e+00,2.854559428524197084e-01
1.463000000000000000e+03,7.788408445181447703e+00,7.788408445181447703e+00,6.715941353853964735e-01
1.464000000000000000e+03,7.788221627103644629e+00,7.788221627103644629e+00,2.862617293497699555e-01
1.465000000000000000e+03,7.788034918829561448e+00,7.788034918829561448e+00,6.723352388423667891e-01
1.466000000000000000e+03,7.787847665484140869e+00,7.787847665484140869e+00,2.870941545040348042e-01
1.467000000000000000e+03,7.787660093413774298e+00,7.787660093413774298e+00,6.739530292157014379e-01
1.468000000000000000e+03,7.787471986986711947e+00,7.787471986986711947e+00,2.882121951438287311e-01
1.469000000000000000e+03,7.787284743727908243e+00,7.787284743727908243e+00,6.731821153647304934e-01
1.470000000000000000e+03,7.787096860273410748e+00,7.787096860273410748e+00,2.892072662066297317e-01
1.471000000000000000e+03,7.786908912596867793e+00,7.786908912596867793e+00,6.744334594159964169e-01
1.472000000000000000e+03,7.786720319443875660e+00,7.786720319443875660e+00,2.901771167931421758e-01
1.473000000000000000e+03,7.786531263000927794e+00,7.786531263000927794e+00,6.763628839008578586e-01
1.474000000000000000e+03,7.786341641296278482e+00,7.786341641296278482e+00,2.913620488091642202e-01
1.475000000000000000e+03,7.786152495719325550e+00,7.786152495719325550e+00,6.765111763951864310e-01
1.476000000000000000e+03,7.785962652062853984e+00,7.785962652062853984e+00,2.924383332973677363e-01
1.477000000000000000e+03,7.785772661131837857e+00,7.785772661131837857e+00,6.779972504607501005e-01
1.478000000000000000e+03,7.785581978312246854e+00,7.785581978312246854e+00,2.934702533885361619e-01
1.479000000000000000e+03,7.785390765222073739e+00,7.785390765222073739e+00,6.800312861790812624e-01
1.480000000000000000e+03,7.785198986265192467e+00,7.785198986265192467e+00,2.947027531199279959e-01
1.481000000000000000e+03,7.785007569161848551e+00,7.785007569161848551e+00,6.804642329411307866e-01
1.482000000000000000e+03,7.784815423290196712e+00,7.784815423290196712e+00,2.958207458838953419e-01
1.483000000000000000e+03,7.784623091108956672e+00,7.784623091108956672e+00,6.820593664496021891e-01
1.484000000000000000e+03,7.784430041277599521e+00,7.784430041277599521e+00,2.968865409439011005e-01
1.485000000000000000e+03,7.784236427384555235e+00,7.784236427384555235e+00,6.841165169868707041e-01
1.486000000000000000e+03,7.784042256443449048e+00,7.784042256443449048e+00,2.981507347471937797e-01
1.487000000000000000e+03,7.783848390030211561e+00,7.783848390030211561e+00,6.846952843034274094e-01
1.488000000000000000e+03,7.783653774556216653e+00,7.783653774556216653e+00,2.992958899777106718e-01
1.489000000000000000e+03,7.783458953871432051e+00,7.783458953871432051e+00,6.863462030430617089e-01
1.490000000000000000e+03,7.783263396835240044e+00,7.783263396835240044e+00,3.003902753145137883e-01
1.491000000000000000e+03,7.783067286157057119e+00,7.783067286157057119e+00,6.884992118818210605e-01
1.492000000000000000e+03,7.782870551478500154e+00,7.782870551478500154e+00,3.016786230166954019e-01
1.493000000000000000e+03,7.782674156100945595e+00,7.782674156100945595e+00,6.890195462832646722e-01
1.494000000000000000e+03,7.782476994857703723e+00,7.782476994857703723e+00,3.028460787643663665e-01
1.495000000000000000e+03,7.782279622133534858e+00,7.782279622133534858e+00,6.906944622938848699e-01
1.496000000000000000e+03,7.782081497452785435e+00,7.782081497452785435e+00,3.039647931995744234e-01
1.497000000000000000e+03,7.781882833791755161e+00,7.781882833791755161e+00,6.928871260754695394e-01
1.498000000000000000e+03,7.781683501550625159e+00,7.781683501550625159e+00,3.052820766804476560e-01
1.499000000000000000e+03,7.781484569295629150e+00,7.781484569295629150e+00,6.932922792284136326e-01
1.500000000000000000e+03,7.781284855692790714e+00,7.781284855692790714e+00,3.064703281801867685e-01
1.501000000000000000e+03,7.781084932193136794e+00,7.781084932193136794e+00,6.949736508959012404e-01
1.502000000000000000e+03,7.780884241902962017e+00,7.780884241902962017e+00,3.076151336384032042e-01
1.503000000000000000e+03,7.780683048686366732e+00,7.780683048686366732e+00,6.971660260437740897e-01
1.504000000000000000e+03,7.780481139898298260e+00,7.780481139898298260e+00,3.089927948022447302e-01
1.505000000000000000e+03,7.780279869141518923e+00,7.780279869141518923e+00,6.970743421955618579e-01
1.506000000000000000e+03,7.780077802618258431e+00,7.780077802618258431e+00,3.102010922488550593e-01
1.507000000000000000e+03,7.779875536001871872e+00,7.779875536001871872e+00,6.987416328815495570e-01
1.508000000000000000e+03,7.779672489853287409e+00,7.779672489853287409e+00,3.113696245825697817e-01
1.509000000000000000e+03,7.779468973973137302e+00,7.779468973973137302e+00,7.009023791749198207e-01
1.510000000000000000e+03,7.779264714078701459e+00,7.779264714078701459e+00,3.128794955167499281e-01
1.511000000000000000e+03,7.779061683630048130e+00,7.779061683630048130e+00,6.995518129389954876e-01
1.512000000000000000e+03,7.778857846226139294e+00,7.778857846226139294e+00,3.141055441879084253e-01
1.513000000000000000e+03,7.778653824582846710e+00,7.778653824582846710e+00,7.011870096347883052e-01
1.514000000000000000e+03,7.778449014669384987e+00,7.778449014669384987e+00,3.152962734278718093e-01
1.515000000000000000e+03,7.778243778288195465e+00,7.778243778288195465e+00,7.032838109979704377e-01
1.516000000000000000e+03,7.765082978441726347e+00,7.765082978441726347e+00,7.555763706982152605e+00
1.517000000000000000e+03,7.736811238196128926e+00,7.736811238196128926e+00,1.520241528081264892e+00
1.518000000000000000e+03,7.720213951227323790e+00,7.720213951227323790e+00,2.414592627349902987e+00
1.519000000000000000e+03,7.680460828665998108e+00,7.680460828665998108e+00,8.212733467766396345e+00
1.520000000000000000e+03,7.642234968046048849e+00,7.642234968046048849e+00,2.951316110218043853e+00
1.521000000000000000e+03,7.630789583079617522e+00,7.630789583079617522e+00,3.331622012111742137e+00
1.522000000000000000e+03,7.569628139075400775e+00,7.569628139075400775e+00,8.978083506046401041e+00
1.523000000000000000e+03,7.512421808757213881e+00,7.512421808757213881e+00,3.303729126498098356e+00
1.524000000000000000e+03,7.490488147464992252e+00,7.490488147464992252e+00,3.767113773004484578e+00
1.525000000000000000e+03,7.479687389238177886e+00,7.479687389238177886e+00,1.140927882041993158e+01
1.526000000000000000e+03,7.326195745814379379e+00,7.326195745814379379e+00,3.631788612882897116e+00
1.527000000000000000e+03,7.290306720625778780e+00,7.290306720625778780e+00,3.867948596925117943e+00
1.528000000000000000e+03,7.093483975239400330e+00,7.093483975239400330e+00,5.126693047359819566e+00
1.529000000000000000e+03,7.093483975239400330e+00,7.093483975239400330e+00,5.126693047359819566e+00
1.530000000000000000e+03,7.029804965634689040e+00,7.029804965634689040e+00,6.726148603629103384e+00
1.531000000000000000e+03,6.902688849353894263e+00,6.902688849353894263e+00,4.218086114939334053e+00
1.532000000000000000e+03,6.896074602348400084e+00,6.896074602348400084e+00,4.745403384391576829e+00
1.533000000000000000e+03,6.887194209733893402e+00,6.887194209733893402e+00,2.750174019855391894e+00
1.534000000000000000e+03,6.878933595884972441e+00,6.878933595884972441e+00,4.451527612163493686e+00
1.535000000000000000e+03,6.871018141037913196e+00,6.871018141037913196e+00,2.654355890569141785e+00
1.536000000000000000e+03,6.863181229609804923e+00,6.863181229609804923e+00,4.405171190008911886e+00
1.537000000000000000e+03,6.855415175199292221e+00,6.855415175199292221e+00,2.640442882487409104e+00
1.538000000000000000e+03,6.847637194594295096e+00,6.847637194594295096e+00,4.376103860329638273e+00
1.539000000000000000e+03,6.839931432046467030e+00,6.839931432046467030e+00,2.649763783528881422e+00
1.540000000000000000e+03,6.832190718194460111e+00,6.832190718194460111e+00,4.393154300998750372e+00
1.541000000000000000e+03,6.824432895542337896e+00,6.824432895542337896e+00,2.654733774464181906e+00
1.542000000000000000e+03,6.816640509254913383e+00,6.816640509254913383e+00,4.411666804752337967e+00
1.543000000000000000e+03,6.808826491351297250e+00,6.808826491351297250e+00,2.659155249421865097e+00
1.544000000000000000e+03,6.800978240929531182e+00,6.800978240929531182e+00,4.425466957817658198e+00
1.545000000000000000e+03,6.793119765927950304e+00,6.793119765927950304e+00,2.663573984160055197e+00
1.546000000000000000e+03,6.785228143841034232e+00,6.785228143841034232e+00,4.437453414993425049e+00
1.547000000000000000e+03,6.777331011286451101e+00,6.777331011286451101e+00,2.667085614820665640e+00
1.548000000000000000e+03,6.769402114755698641e+00,6.769402114755698641e+00,4.447921434808525198e+00
1.549000000000000000e+03,6.761471614404693575e+00,6.761471614404693575e+00,2.669549626046490154e+00
1.550000000000000000e+03,6.753510782168274496e+00,6.753510782168274496e+00,4.457052941897888587e+00
1.551000000000000000e+03,6.745551826559860409e+00,6.745551826559860409e+00,2.670915177923556261e+00
1.552000000000000000e+03,6.737563865616870373e+00,6.737563865616870373e+00,4.464957171500175903e+00
1.553000000000000000e+03,6.729581103680678744e+00,6.729581103680678744e+00,2.671176173162498113e+00
1.554000000000000000e+03,6.721570461319810619e+00,6.721570461319810619e+00,4.471759243690069496e+00
1.555000000000000000e+03,6.713568213312757216e+00,6.713568213312757216e+00,2.670337305716980580e+00
1.556000000000000000e+03,6.705538925450893473e+00,6.705538925450893473e+00,4.477602404205609510e+00
1.557000000000000000e+03,6.697521120992322885e+00,6.697521120992322885e+00,2.668406187434117172e+00
1.558000000000000000e+03,6.689476728179510445e+00,6.689476728179510445e+00,4.482668684620452204e+00
1.559000000000000000e+03,6.681446800656578588e+00,6.681446800656578588e+00,2.665385061141773981e+00
1.560000000000000000e+03,6.673390197087861075e+00,6.673390197087861075e+00,4.487199361823901000e+00
1.561000000000000000e+03,6.665350932608811618e+00,6.665350932608811618e+00,2.661260422581424034e+00
1.562000000000000000e+03,6.657284109360289470e+00,6.657284109360289470e+00,4.491540483850340770e+00
1.563000000000000000e+03,6.387190074207413026e+00,6.387190074207413026e+00,3.478740725067938300e+00
1.564000000000000000e+03,6.283014502578309290e+00,6.283014502578309290e+00,1.515949571482222780e+01
1.565000000000000000e+03,6.099585461340127246e+00,6.099585461340127246e+00,3.658648041291894248e+00
1.566000000000000000e+03,5.989302650818776108e+00,5.989302650818776108e+00,2.488273501204443683e+00
1.567000000000000000e+03,5.966000539785339285e+00,5.966000539785339285e+00,5.041416327952165766e+00
1.568000000000000000e+03,5.955599771014481014e+00,5.955599771014481014e+00,2.642127026489506481e+00
1.569000000000000000e+03,5.946762184275861784e+00,5.946762184275861784e+00,4.273208840643285100e+00
1.570000000000000000e+03,5.939355429540791320e+00,5.939355429540791320e+00,2.344536601906205053e+00
1.571000000000000000e+03,5.931998090945845625e+00,5.931998090945845625e+00,4.233628378593803809e+00
1.572000000000000000e+03,5.924725596787479454e+00,5.924725596787479454e+00,2.314255205107728308e+00
1.573000000000000000e+03,5.917512094762868990e+00,5.917512094762868990e+00,4.198735309871679533e+00
1.574000000000000000e+03,5.910350341078467018e+00,5.910350341078467018e+00,2.297858108893652940e+00
1.575000000000000000e+03,5.485958557926342571e+00,5.485958557926342571e+00,2.720263331830320652e+00
1.576000000000000000e+03,5.475633363755317617e+00,5.475633363755317617e+00,5.887535669951442507e+00
1.577000000000000000e+03,5.068085033121308314e+00,5.068085033121308314e+00,2.436354758318616476e+01
1.578000000000000000e+03,4.784727234133194784e+00,4.784727234133194784e+00,2.651818325974849788e+00
1.579000000000000000e+03,4.665452088498827088e+00,4.665452088498827088e+00,4.095038219741151231e+00
1.580000000000000000e+03,4.294963888869864910e+00,4.294963888869864910e+00,2.491784421196482313e+01
1.581000000000000000e+03,4.036584187945559066e+00,4.036584187945559066e+00,8.554216961908545969e+00
1.582000000000000000e+03,3.997354487635723430e+00,3.997354487635723430e+00,1.552834737624424921e+00
1.583000000000000000e+03,3.993617435991294151e+00,3.993617435991294151e+00,1.773394620226902640e+00
1.584000000000000000e+03,3.990215866854027738e+00,3.990215866854027738e+00,1.806311956114072803e+00
1.585000000000000000e+03,3.986818901611973942e+00,3.986818901611973942e+00,1.844353115789294062e+00
1.586000000000000000e+03,3.983431393799167441e+00,3.983431393799167441e+00,1.801495385340729838e+00
1.587000000000000000e+03,3.980040951724597154e+00,3.980040951724597154e+00,1.842021277107034560e+00
1.588000000000000000e+03,3.976659013563405676e+00,3.976659013563405676e+00,1.797458204777755642e+00
1.589000000000000000e+03,3.973273607970828181e+00,3.973273607970828181e+00,1.839555306841910820e+00
1.590000000000000000e+03,3.969895928683221609e+00,3.969895928683221609e+00,1.796052114159480961e+00
1.591000000000000000e+03,3.578465053375069704e+00,3.578465053375069704e+00,1.688206597924215657e+01
1.592000000000000000e+03,3.384287051290995940e+00,3.384287051290995940e+00,8.059421887303379606e+00
1.593000000000000000e+03,3.324432297473091769e+00,3.324432297473091769e+00,2.356356082088658965e+01
1.594000000000000000e+03,3.087348948279840410e+00,3.087348948279840410e+00,5.065657310065201813e+00
1.595000000000000000e+03,3.059796995492938265e+00,3.059796995492938265e+00,5.229989412169958385e+00
1.596000000000000000e+03,2.950197617848864251e+00,2.950197617848864251e+00,1.728346710777625361e+01
1.597000000000000000e+03,2.795575574069861791e+00,2.795575574069861791e+00,3.967453207486010935e+00
1.598000000000000000e+03,2.726579428724535958e+00,2.726579428724535958e+00,4.662922014968378548e+00
1.599000000000000000e+03,2.726579428724535958e+00,2.726579428724535958e+00,4.662922014968378548e+00
1.600000000000000000e+03,2.546492240013208619e+00,2.546492240013208619e+00,3.470212385065224669e+00
1.601000000000000000e+03,2.236021940936734342e+00,2.236021940936734342e+00,7.503630770164655850e+00
1.602000000000000000e+03,2.187197964384160809e+00,2.187197964384160809e+00,9.262180985485677809e+00
1.603000000000000000e+03,2.187197964384160809e+00,2.187197964384160809e+00,9.262180985485677809e+00
1.604000000000000000e+03,2.085375211354048908e+00,2.085375211354048908e+00,1.517144501766132159e+01
1.605000000000000000e+03,1.933803892247888179e+00,1.933803892247888179e+00,2.930959269546918655e+00
1.606000000000000000e+03,1.924612960660226912e+00,1.924612960660226912e+00,1.130165358181476165e+01
1.607000000000000000e+03,1.870713475307786533e+00,1.870713475307786533e+00,1.357913548045508634e+01
1.608000000000000000e+03,1.685094478522766392e+00,1.685094478522766392e+00,2.764507950695898053e+00
1.609000000000000000e+03,1.583082036611603405e+00,1.583082036611603405e+00,2.943894470061638291e+00
1.610000000000000000e+03,1.583082036611603405e+00,1.583082036611603405e+00,2.943894470061638291e+00
1.611000000000000000e+03,1.476783846826654978e+00,1.476783846826654978e+00,2.741140579802793908e+00
1.612000000000000000e+03,1.311978986275751602e+00,1.311978986275751602e+00,4.478336259035680555e+00
1.613000000000000000e+03,1.269206209646240868e+00,1.269206209646240868e+00,6.293110776898756420e+00
1.614000000000000000e+03,1.269206209646240868e+00,1.269206209646240868e+00,6.293110776898756420e+00
1.615000000000000000e+03,1.027712162806780904e+00,1.027712162806780904e+00,5.487255503437281412e+00
1.616000000000000000e+03,1.017022046014216752e+00,1.017022046014216752e+00,2.011105304930582260e+00
1.617000000000000000e+03,9.934920909500694064e-01,9.934920909500694064e-01,4.362852994978034360e+00
1.618000000000000000e+03,9.837806224377980691e-01,9.837806224377980691e-01,3.058573220717710317e+00
1.619000000000000000e+03,9.776297537572178342e-01,9.776297537572178342e-01,2.902616469955354273e+00
1.620000000000000000e+03,7.439474532272474239e-01,7.439474532272474239e-01,4.274960456707166401e+00
1.621000000000000000e+03,7.439474532272474239e-01,7.439474532272474239e-01,4.274960456707166401e+00
1.622000000000000000e+03,7.296085042318607439e-01,7.296085042318607439e-01,4.669004568243409814e+00
1.623000000000000000e+03,5.457531363569081417e-01,5.457531363569081417e-01,4.081889919894888585e+00
1.624000000000000000e+03,3.742205107936349973e-01,3.742205107936349973e-01,9.066886703343671527e+00
1.625000000000000000e+03,2.731473743467696114e-01,2.731473743467696114e-01,7.482996139310719386e+00
1.626000000000000000e+03,1.902008972227559325e-01,1.902008972227559325e-01,8.415626248350786653e+00
1.627000000000000000e+03,1.192756707655115433e-01,1.192756707655115433e-01,2.716703552379031716e+00
1.628000000000000000e+03,1.192756707655115433e-01,1.192756707655115433e-01,2.716703552379031716e+00
1.629000000000000000e+03,8.707084745484344745e-02,8.707084745484344745e-02,2.368899069899425669e+00
1.630000000000000000e+03,5.416643700174294390e-02,5.416643700174294390e-02,6.985800193464945629e+00
1.631000000000000000e+03,3.894209934485732411e-02,3.894209934485732411e-02,1.232929037934382910e+00
1.632000000000000000e+03,3.318619480761542118e-02,3.318619480761542118e-02,1.771496690197781554e+00
1.633000000000000000e+03,1.895297997638092924e-02,1.895297997638092924e-02,2.856004855607448434e+00
1.634000000000000000e+03,1.895297997638092924e-02,1.895297997638092924e-02,2.856004855607448434e+00
1.635000000000000000e+03,3.477215384962184606e-03,3.477215384962184606e-03,2.036655829620671820e+00
1.636000000000000000e+03,2.520331671045449896e-03,2.520331671045449896e-03,1.568327708472399440e+00
1.637000000000000000e+03,3.102452092065725387e-04,3.102452092065725387e-04,6.765451503464938732e-01
1.638000000000000000e+03,8.234741989129800376e-05,8.234741989129800376e-05,2.213554027737535956e-01
1.639000000000000000e+03,4.810693804565321146e-06,4.810693804565321146e-06,8.367640150242619534e-02
1.640000000000000000e+03,6.303400541077882801e-07,6.303400541077882801e-07,2.801396516890679311e-02
1.641000000000000000e+03,3.658815184516862046e-10,3.658815184516862046e-10,9.409593251731777192e-05
1.642000000000000000e+03,5.643919938315156030e-15,5.643919938315156030e-15,2.197155955021899090e-06
1.643000000000000000e+03,7.608983765056565889e-18,7.608983765056565889e-18,8.305161095860426892e-08
